lemonice,lemon
locking,rock
omuretsu,omelette
proofmeh,niniidawns
pinky (boku no hero academia),ashido mina
darwin nunez,darkereve
takahara,plateau
hanako (pokemon),delia ketchum
fireballs,fireball
beckoning cat,maneki-neko
serving food on male,nantaimori
blowfish,pufferfish
hand bag,handbag
hal-bard,halberd
ibuki (pokemon),clair (pokemon)
henry sword,victor (pok・・ｽｩmon)
super street fighter ii x,street fighter
double hair bun,double bun
holding peach,holding fruit
lapcup,wakamezake
nightmare-doom,nightmare
moru,kret
bell-bottoms,bellbottoms
people,jalmu
kamabo ko,sunspotfish
liquid between thighs,wakamezake
nel tu,nelliel tu odelschwanck
sunken nipples,inverted nipples
rearend,butt
spacezin,space zin
barbecue (object),grill
g scream,as109
boob slip,one breast out
whyt,why
girls' frontline,girls frontline
stuffed otter,plushie
galaxea,galaxy
hair bells,hair bell
another,keidran
necktie pin,tie clip
pile-up,dog pile
prof. juniper,professor aurea juniper
open track jacket,open jacket
ohmu,arh
patting head,headpat
animal pelt,animal skin
green pantyhose,green legwear
don't toy with me,ijiranaide nagatoro-san
fairyfloss,fairy tales
ambiguous white liquid,suggestive fluid
amazon.com,amazon (company)
onani,masturbation
glock 19,glock
sakatsuki,sakura
tiny top hat,mini top hat
eyebrow cut,eyebrows
faint smile,light smile
tagme (artist),unknown artist
yuuri (pokemon),gloria (pok・・ｽｩmon)
tamamo no mae (fate/extra),caster tamamo-no-mae
long pants,pants
resampling artifacts,aliasing
queen of hearts (wonderland),queen of hearts (alice in wonderland)
off-shoulder,off shoulder
hat ribbons,hat ribbon
shantae (character),shantae
exploitable,template
putting on makeup,applying makeup
ouendan (artist),eu03
love chunibyo & other delusions,chuunibyou demo koi ga shitai!
prof juniper,professor aurea juniper
spirit flame,hitodama
mono lith,monolith
samantha samsung,samsung sam
caustic lighting,caustics
tissue wad,used tissue
sakuradou,sakura
side braids,side braid
superrobotwars,super robot wars
cogs,gears
cream,reymur
sheer clothes,translucent
ankle bracelets,anklet
akatsuki mao,cotora
tonbo,dragonfly
harpie queen,harpyqueen
class room,classroom
sitting in lap,sitting on lap
ladic,redick
soiree (fire emblem),orangesoiree
leica,rayka
pee tube,catheter
aerial view,high-angle view
gouguru,google
fakeshot,fake screenshot
uhui,uhoh
fire emblem: awakening,fire emblem awakening
toropp,ttrop
queen complex,queencomplex
deku (boku no hero academia),izuku midoriya
borderless panels,borderless panel
print swimsuit,print swimwear
flash with sound,sound
cum on buruma,cum on clothing
you gonna get caved,cave
mikan (pokemon),jasmine (pokemon)
heart stickers,heart sticker
garuku,garruuk
view from above,high-angle view
pastels,pastel
pov pointing,pointing at viewer
bikesuit,bicycle
lining up,queue
shah,sher
fox suit,fox costume
pinata party,nagami yuu
gotgituey,neoartcore
jamison fawkes,junkrat (overwatch)
large forehead,big forehead
hairclips,hairclip
loud,larid
luminous,bright
succulent plant,succulent
zero (rockman),zero (mega man)
gary (pokemon),gary oak
peeing in cup,pee in a cup
walking in liquid,partially submerged
the powerpuff girls,powerpuff girls
amelie lacroix,widowmaker (overwatch)
pick-ax,pickaxe
yellow leggings,yellow legwear
mr pavlov,tomotsuka haruomi
pink thighhighs,pink legwear
fake ad,fake advertisement
consoling,comforting
purpleeyes,purple eyes
writing on ass,writing on butt
masturbation (female),masturbation
etna,etna (disgaea)
tomie,tommyowo
amethyst (gemstone),purple gem
armored dragon legend villgust,kouryuu densetsu villgust
open back,backless outfit
meguroco,sandile
ff6,final fantasy vi
histoire,history
humany,human
licking own pussy,autocunnilingus
green tea,greentea
asymmetrical pupils,mismatched pupils
pajama party,sleepover
pointing to the sky,pointing up
ze (sawakihein),z-ton
yu-ri,yurii
kojirou (pokemon),james (team rocket)
double braid,twin braids
collar bell,neck bell
nurse's office,infurmary
firecrackers,firecracker
kaminosaki1,kaminosaki
dream diary,yume nikki
test,testing
sucking cock,fellatio
about to be raped,imminent rape
gomipomi,sapphire1010
strainer,sitku
gumi,gummi
collared blouse,collared shirt
ika,cuttlefish
kyle (kairunoburogu),kairunoburogu
dimitrescu,alcina dimitrescu
black cat (animal),domestic cat
clitslip,clitoris slip
melissa (pokemon),fantina (pokemon)
lap cup,wakamezake
grimmjow,grimmjow jaegerjaquez
shoveling,shovel
sukimizu,school swimsuit
gradient clothes,gradient clothing
kazu-koto,kazukoto
tie tack,tie clip
nanaya (daaijianglin),club3
painttool sai,paint tool sai
erect clit,erect clitoris
lmsketch,legoman
frilled hairband,frilly hairband
chunli,chun-li
torn thighhighs,torn legwear
icelolly,popsicle
shinonoko,grim reaper
scar through eyebrow,eyebrows
line-up,lineup
shoujo-ai,female/female
izumi (pokemon),aqua admin shelly
pokemon fushigi no dungeon,pokemon mystery dungeon
purple-hair,purple hair
floating hand,disembodied limb
the cecile,cecil
salaryman,salarian
chang'e,imlutio
metallic skin,metal skin
traffic cones,traffic cone
shon,tion
hinghoi,princess hinghoi
infirmary,infurmary
m1 bazooka,rocket launcher
necktie between pectorals,necktie between breasts
lozelia,roselia
dj takowasa,dj octavio
foam peanuts,packing peanuts
forelocks,sidelocks
bananang,itou yuuji
pecfuck,pecjob
jennifer wakeman,jenny wakeman
f (milfaaaaa),mirufuaa
air kon,air conditioner
loose blouse,loose shirt
hair raising,hair strands
inside bubble,in bubble
stuffed duck,plushie
ahen,opium
playing sports,playing sport
yellow bikini top,yellow bikini
yvonne (pokemon),serena (pok・・ｽｩmon)
medikit,first aid kit
two sides up,two side up
wafuku,japanese clothing
octopus balls,takoyaki
flower hair ornament,flower in hair
ferri (granblue fantasy),ferry (granblue fantasy)
quintuple persona,multiple persona
shitagi,underwear
nuigurumi,plushie
vhs cassette,video cassette
noise (visual),film grain
stuffed horse,plushie
harakiri,disembowelment
towel on shoulders,towel around neck
tanuki tail,raccoon tail
female protagonist (pokemon legends: arceus),akari (pokemon)
ufo catcher,crane game
holding gemstone,holding gem
apocalypse (event),apocalypse
horse legs,equine legs
one hand raised,raised hand
adjusting clothes,adjusting clothing
a-soul,soul
hundred,hondra
flannel (fire emblem if),keaton (fire emblem)
bandage bra,chest wraps
fhang,fans
framed,picture frame
shattering,breaking
gigaiath,gigalith
tuck,tack
brock,brock (pokemon)
club,club (weapon)
half apron,waist apron
vegacolors,vegetable
patterned,patterns
alternative form,alternate form
telephone booth,phone booth
white yukata,white kimono
megaman legends,mega man legends
torso (pixiv),torso (hjk098)
power board,power strip
torii gate,torii
bobbed hair,bob cut
onegaimymelody,onegai my melody
todee,toedi
see you,seeumai
yotsubato,yotsubato!
romaji,romaji text
exploding clothes,exploding clothing
pov ass,butt focus
1boys,male
zha yu bu dong hua,iro ame (amewaagada)
hair iron,hair strands
when the seagulls cry,umineko no naku koro ni
sucking own penis,autofellatio
leilin,reylin
melon soda,mellonsoda
maruco,marco
yatterman,yattermang
haiero,hiorou
mario grant,mario-grant
tokusatsu,tokyo
makaron,macaronneko
yangire,insane
hyper ball,ultra ball
disc cover,album cover
monochorme,monochrome
crotchless clothes,crotchless clothing
mephisto pheles,mephistopheles (tas)
starlight starsapphire,star sapphire
underwear thief,underwear theft
peek,piilsud
kara zor-el,supergirl
summerdress,sundress
oil painting (medium),oil painting (artwork)
lemon raimu,lemonlime
60's,1960s
braided rice rope,shimenawa
tsumaseu,tidalwave
shadowsinking,shadow
brown pantyhose,brown legwear
piloting,pilot
red bandana,red bandanna
biohazard,resident evil
aize,aids
digimon adventures,digimon adventure
mizuryuu kei,mizuryu kei
nakedribbon,naked ribbon
tomo (user hes4085),tomo (tmtm mf mf)
pee drink,drinking urine
soulcalibur,soul calibur
red yukata,red kimono
hulahoop,hula hoop
inaba tei,tewi inaba
biological hazard symbol,biohazard symbol
nile (doubutsu no mori),ankha (animal crossing)
shimada genji,genji (overwatch)
karin (pokemon),karen (pokemon)
pipe (smoking),smoking pipe
glblumen,picnic
stuffed chicken,plushie
multicolored leggings,multicolored legwear
two-tone bow,two tone bow
anjerain,angelan
flowerchorus,llirika
kyouhei (pokemon),nate (pok・・ｽｩmon)
shioboi,saltydanshark
bitten,mordu
spritesheet,sprite sheet
butcha u,butcha-u
gray bodysuit,grey bodysuit
puppets,puppet
shakugannoshana,shakugan no shana
space (uchuu),yuzhou
male protagonist (pokemon bw2),nate (pok・・ｽｩmon)
gang sex,gangbang
verse,poem
cherry blossom viewing,kanji
gangsex,gangbang
polka-dot,polka dots
ffxv,final fantasy xv
blooming,bloom
peach,peaches
chestnut,castagno
mini tophat,mini top hat
opplove22,snowball22
plantgirl,flora fauna
lick balls,ball lick
cat fight,catfight
patxi,patxi (fate)
burning eye,fiery eyes
raiden,raiden (metal gear)
gray bra,grey bra
twelve,deuzion
black earrings,ear ring
microa,micro
skullworms,skull
demashita! powerpuff girls z,powerpuff girls z
knolling,gnoll
polygonal,low poly
soryuu asuka langly,asuka langley soryu
commentaries,commentary
frilled garter,frilly garter
hot,gapao
naga-ette,lamia
kirby's dreamland 3,kirby's dream land 3
shade,loreking
the drying off yoako,yoako
back,mayar
sabitsuki,sasaki
bar maid,barmaid
jakoujika,asicah
giving,mipha
rave master,rave
kamitsure (pokemon),elesa (pok・・ｽｩmon)
translationrequest,translation request
videos,animated
frills,rufflet
annilingus,rimming
whois,keeshee
miry,millie
cleave gagged,cleave gag
smile precure,smile pretty cure
clothed humping,dry humping
fingalphoneix,musth
blast wave,shockwave
sarja,tharja (fire emblem)
black magician girl,dark magician girl
punched,punch
yellow bikini bottom,yellow bikini
thighighs,thigh highs
maochao,maoochao
dim sum,dimsun
inko,parakeet
longhorn,long horn
fire emblem kakusei,fire emblem awakening
metaring,metalling
goggles on hat,goggles on headwear
thong panties,thong
tsutsuji (pokemon),roxanne (pokemon)
hachikuji,kanji
kamui (fire emblem if),corrin (fire emblem)
kakutasu,cactus
citron (pokemon),clemont (pokemon)
pop can,beverage can
tempura,moetempura
meron,melon
swirling,swirl
animalprint,animal print
.hack//tasogare no udewa densetsu,.hack
angela ziegler,mercy (overwatch)
vieny,whinnie
satetsu,satellite
panty gagged,panty gag
spike ball,spiked balls
cropped pants,capri pants
sdorica -sunset-,sdorica
multicolored nail polish,multicolored nails
super street fighter iv,street fighter
brandish,brandishing
maple leaves,maple leaf
crossed legs (lying),crossed legs
simz,simski
unfastened bra,open bra
albedo,albedo (overlord)
boin,boing
ffviii,final fantasy viii
bloodstains,blood stain
flower in breast pocket,corsage
alfred cullado,kimmy77
broomriding,broom riding
routes,rooth
gime,gym
kouki (pokemon),lucas (pok・・ｽｩmon)
z,zzz
funnyari,fuf
light sword,energy sword
background people,jalmu
alphes,alf
drillhair,drill curls
attempted suicide,suicide attempt
thighhigh boots,thigh boots
street fighter iii (series),street fighter
bow socks,bow legwear
ff5,final fantasy v
hanging boob,hanging breasts
hands under clothes,hand under clothes
araragi (pokemon),professor aurea juniper
electricity symbol,lightning bolt
crabs,crab
ripped coat,torn coat
pedestrian crossing,crosswalk
whitley (pokemon),rosa (pok・・ｽｩmon)
nurgle777,jadf
grail,goblet
nura: rise of the yokai clan,nurarihyon no mago
sleeves folded up,rolled up sleeves
liuruoyu8888,citemer
ace attorney 4,ace attorney
erun (granblue fantasy),erune
hair bobble,hair bobbles
demon girls,demon
stair,stairs
vinyl disc,record
precious stone,gem
no bellybutton,no navel
ecchi no kaze,wind lift
purplehair,purple hair
full face blush,full-face blush
scar on leg,leg wound
vapor trail,contrail
holding present,holding gift
iv,intravenous drip
pink flame,pink fire
gogatsu unagi,nagami yuu
girl on a plate,on plate
display,screen
goat boy,goatboy
koari,kori
kof,the king of fighters
eye circles,bags under eyes
tentacles with male,tentacles on male
platforms,platform footwear
teru (renkyu),terupancake
kibana (pokemon),raihan (pokemon)
purikura,photo booth
coyote ears,wolf ears
babu,bub
reindeer tail,scut tail
pantsu pull,panty pull
kanabou,kanab・・・
chopping board,cutting board
crossed legs (sitting),crossed legs
horn pose,devil horns (gesture)
fly,dipteran
pick axe,pickaxe
hagane no renkinjutsushi,fullmetal alchemist
animal ear bow,ear ribbon
commander shepard (female),female shepard
lamp-post,street lamp
berry's,berry
fujiwara mokou,fujiwara no mokou
gamecg,game cg
avengers (series),the avengers
unacceptable comics,dave rapoza
ffcc,final fantasy crystal chronicles
finnish,finnish text
tattered cape,torn cape
sinon,shino asada
bell (pokemon),bianca (pok・・ｽｩmon)
cropped background,outside border
kaga (kantai collection),kaga (kancolle)
paper umbrella,oil-paper umbrella
low leg panties,low-leg panties
sst laboratories siege automaton e54,bastion (overwatch)
heaven's door,heavensdoor
sealing wax,wax seal
weighing scales,weighing scale
toxichica,materclaws
tailred,cuehors
twinbraids,twin braids
heart-shaped box,heart shaped box
fiery sword,flaming sword
female fingers in male anus,prostate milking
youki (yuyuki000),youki029
sonans,wobbuffet
honey,digos
kine,xine
summer dress,sundress
hideousbeing,ghastlygh
multicolored pantyhose,multicolored legwear
claw crane,crane game
usagi-san,br'er rabbit
hanami,kanji
untied bra,open bra
hikari (xenoblade 2),mythra (xenoblade)
artificial leg,prosthetic leg
unexistarts,doesnotexist
haijin,hajinn
sailor cap,sailor hat
bare pecs,bare chest
luu,lu
cunnillingus,cunnilingus
masker,kigurumi
waist veil,pelvic curtain
spykeee1945,spykie
flattop,flat top
hands on own cheeks,hand on cheek
nail varnish,colored nails
boned meat,meat on bone
one thighhigh,single thighhigh
bass,bass guitar
standing on hands,handstand
nape,eel
keyhole sweater,keyhole turtleneck
torpedo breasts,pointy breasts
pot (plant),flower pot
pop star,idol
ferris (re:zero),ferris argyle
tangled up,entangled
chessboard,chess board
ukiyoe,ukiyo-e
mitchi,mitch
cuff-links,cuff links
ecchi-star!,studio cutepet
handbra,covering breasts
pinchi,pinch
raven (animal),crow
ninjatou,ninja
legs around waist,leg wrap
shops,store
90's,1990s
sweaterdress,sweater dress
winking (animated),wink
panty thief,underwear theft
big dog,greater dog
purple gemstone,purple gem
matsuno juushimatsu,jyushimatsu matsuno
abigail williams (fate/grand order),abigail williams (fate)
tekoki,handjob
alternative hair color,alternate hairstyle
travel attendant,flight attendant
stocking cap,santa hat
horin,hollryn
mattsu,matz
meily,messing
pepero day,pocky day
pulling,tugging
otokobara,gsphere
niyah,nia (xenoblade)
flaming tip tail,flaming tail
bralift,bra lift
chili,chili pepper
semen on upper body,cum on body
pizzasi,pizza
wooden katana,bokken
steam censor,steam censorship
groin,pubic mound
lapel flower,boutonniere
rybiokaoru,rybiok
lecturing,lecture
drumstick,drumming stick
neco arc,neco-arc
garou,fatal fury
hair loc,dreadlocks
loveletter,love letter
convenient bath steam,steam censorship
shamisen (instrument),shamisen
cleavegag,cleave gag
momentary switch,pushbutton
magical circles,magic circle
light stick,glowstick
alphonse mucha (style),art nouveau
danann,tin can
plugsuits,plugsuit
earthbound beginnings,earthbound (series)
hands to cheek,hand on cheek
holding railing,hand on railing
hoenn (jgm1102),pokemon
flares (pants),bellbottoms
sakuraidai,sakura
pokemon r&g,pokemon rgby
guiltygear,guilty gear
kiitos,kythos
clavicle piercing,collarbone piercing
sprites,sprite
sushi roll,makizushi
resizing artifacts,aliasing
dragonz,eerieviolet
otototo,ovum
eric tang,ricegnat
bof2,breath of fire
sakuma,sakura
naruhodou ryuuichi,phoenix wright
lu hao liang,463 jun
luxanna crownguard,lux (lol)
windlift,wind lift
gurren,glenn
wireless,radio
brown thighhighs,brown legwear
frilled ribbon,frilly bow
orange pantyhose,orange legwear
shields,shield
peeking around corner,piilsud
pectorals out of clothes,bare chest
felatio,fellatio
checkered clothes,checkered clothing
gluteal fold,butt from the front
stitches,stiches
strobing lights,epilepsy warning
racecar,race car
long hair tied low,low-tied long hair
weight scale,weighing scale
w-sitting,wariza
aloe (pokemon),lenora (pokemon)
ricci,lich
skaghonat,skarltano
official alternate outfit,official alternate costume
chuunibyou demo koi ga shitai,chuunibyou demo koi ga shitai!
shrine gate,torii
akaike,aliaspseudonym
nippleslip,nipple slip
predator,predacon
arm-wrestling,arm wrestling
copper symbol,female symbol
gurifu,glyphs
koma-san,komasan
unicsourse,vita minmi
raina,rayna
ibuki (xenoblade),finch (xenoblade)
anal object push,anal object insertion
horns pose,devil horns (gesture)
musashi (pokemon),jessie (team rocket)
beans,bean
maru (maruttona),komusou (jinrikisha)
drawing on another's face,face paint
shaco,mantis shrimp
ribbon in hair,hair ribbon
longhair,long hair
another (novel),keidran
bb (fate/extra ccc),bb (fate)
rozenmaiden,rozen maiden
ouma toki-ichi,ouma tokiichi
pochika,why
caved,cave
half moon,semiceri
arms outstretched,outstretched arms
electrical socket,electrical outlet
honey bee girl outfit,bee costume
hinduism,hindu
james mcgill,saul goodman
muchi,overweight
hair ears,hair strands
a master is out,piilsud
hair dressing,styling hair
m82a1,barrett m82
action,tekup1n
toasty scones,toastyscones
flying leaves,falling leaves
vocaloid 2,vocaloid
wellingtons,rubber boots
nipple pain,nipple torture
cleaned,garbendatu
copyright title,copyright name
glitter force,smile pretty cure
water yoyo,yo-yo
dead line,roki
crumbling,collapse
tentacle job,tentaclejob
oasys,sizma
arata,alator
pokedex number,pokemon
perpendicular paizuri,perpendicular titfuck
baoppu,pansear
tsukamoto kensuke,kensuke
double wield,dual wielding
yvonne gabena,serena (pok・・ｽｩmon)
dragonball (object),dragon ball (object)
cheng,chien
makai senki disgaea 2,disgaea
fish boy,fish
chain link fence,chain-link fence
tailbox,tail box
kerorogunsou,sgt. frog
pepper,pippuri
akasia,acacia
gloss,sheen
ice cream cones,ice cream cone
anti materiel rifle,anti-materiel rifle
kittysuit,kittentits
breast chart,bust chart
dog pose,paw pose
airships,airship
iv drip,intravenous drip
legosi,legoshi (beastars)
blood-stained knife,blood on knife
sakusyo,sakura
signing,sinatzeek
leaning on rail,against railing
son gokuu,goku
nessie (cryptid),loch ness monster
maimu,mime
karabina789,jock
mister x,faceless male
ashikoki,footjob
fireemblem,fire emblem
seikendensetsu3,trials of mana
shirano (submerge),shirano
pecorine,pecorine (princess connect!)
lattice,grate
you (pokemon),elio (pok・・ｽｩmon)
alternate haircolor,alternate hairstyle
renee,renny
kakigoori,shaved ice
bloody sword,blood on weapon
circuitboard,circuit board
defense of the ancients 2,dota
needle,hook
necronemesis,necrosmos
chen,chien
atchy,ackie
ruby (rwby),ruby rose
concertina,concert
latin,latin text
censor text,text censor
curtsie,curtsey
holding cards,holding card
coke bottle,soda bottle
hamihe,hammy
plastick,plastic
cg request,source request
shutumon,shutmon
horse armor,armor
loup,loop
polka-dot bikini,polka dot bikini
hugging with tail,tail wraps
severed limbs,severed limb
silica,silicas
topless (female),topless
vertical flag,banner
sheet,bed sheet
holding bat (animal),holding animal
twitch stream,livestream
stall (toilet),restroom stall
tsunemoku,tidalwave
koukaku kidoutai,ghost in the shell
salamander,salamandr
3rd eye,3 eyes
re lucy,lucy
onion (pokemon),allister (pokemon)
desks,desk
s poi l,pampering
bum huggers,buruma
black rose (flower),black rose
torn blouse,torn shirt
nakta,nakhta
kankore,kantai collection
karory,calorie
cinderella girls,idolmaster cinderella girls
kaafi,cowfee
:\,:/
congratulations,felicer
heart-shaped balloon,heart balloon
swim swim,swimming
teeterboard,seesaw
anus spreading,spread anus
mio (mgr300),treant
matsuno ichimatsu,ichimatsu matsuno
ekusera,excella
fake moustache,fake mustache
very high resolution,absurd res
escaflowne (guymelef),escaflowne
pokemon moon,pokemon
dagger (ff9),garnet til alexandros xvii
fou (fate/grand order),cath palug
danbooru,cardboard box
beakers,beaker
shamanking,shaman king
9girls,female
ryuusei no rockman,mega man star force
kokonattsu,coconut
jumper skirt,suspender skirt
poppy,poppy (lol)
shock wave,shockwave
daisydukes,cutoffs
brownhair,brown hair
doax,dead or alive (series)
extra breasts,multi breast
orbited,orbitalis
estudioserenata,sereneandsilent
steam punk,steampunk
giant hand,huge hands
fox hand sign,fox shadow puppet
face,cephei
ogura tubuan,fallopian tubes
genji shimada,genji (overwatch)
curss,curse
ping pong racket,table tennis paddle
magical circle,magic circle
fiery wings,flaming wings
standing in liquid,partially submerged
yuu yuu hakusho,yu yu hakusho
tsunamayo,tidalwave
half down half up,nivek
prison photo,mugshot
elizabeth bathory (fate/extra ccc),elizabeth b・・ｽ｡thory (fate)
person over both shoulders,fireman's carry
out of frame censoring,out-of-frame censoring
green one-piece swimsuit,green swimwear
zelda musou,hyrule warriors
kentaro1087,kenshin187
riry,liliel
stiched,stiches
bach do,dishwasher1910
gold bars,gold bar
furorida,florida
scrapyard,junkyard
tyson tan,tysontan
nelf,paula
kaleka,kareca
heart (pokemon),silver (pok・・ｽｩmon)
sangokuden,sd gundam sangokuden
hydrangeas,ortensia
komi can't communicate,komi-san wa komyushou desu
yellowparrot,yellowparrottw
tied up (nonsexual),bound
outlined,outline
cigarrete,cigarette
fa,fae (fire emblem)
pointy toenails,sharp toenails
maids,maid uniform
beretta m9,beretta 92
analbeads,anal beads
goal,finish line
spice,ziravore
newmen,freshie
powerup,power-up
saple,naegi
horse ears,equine ears
sleeves past wrist,sleeves past wrists
1960s (style),1960s
frill,rufflet
umisaki,village
hushabye,hushabyevalley
girl in bucket,in bucket
mazeran,magellan
crescentia,crescentia fortuna
sketcher2007,faustsketcher
cianyo,cian yo
rockman zx,mega man zx
roll (rockman),roll (mega man)
peeler,lupinator
tetra,tetora
uncensoring,uncensored
leghighs,socks
clothed navel,covered navel
smelly penis,smelling penis
zooanime,zooshi
kasumi (pokemon),misty (pokemon)
muzzle,gunmouth
hand puppets,hand puppet
lensflare,lens flare
aqua earrings,ear ring
akuno hideo,larva
stuffed turtle,plushie
instant ramen,instant noodle
 nagatoro,ijiranaide nagatoro-san
red blouse,red shirt
epaulettes,epaulette
shimada hanzo,hanzo (overwatch)
cuteg,cuccokingu
killy,kyrii
hands to chest,hands on own chest
punished snake,venom snake
space craft interior,spaceship interior
coney,connie
bloody fingers,blood on hand
fall leaves,autumn leaves
half updo,nivek
a re,estix
jb ryshamr,jock
kazami yuka,yuuka kazami
kumano (splatoon),moe (splatoon)
male underwear aside,underwear aside
groupsex,group sex
yonkoma,4koma
k-y-h-u,iahfy
rayrie,rayley
shared sense,shared senses
spilled,spill
hydrangea,ortensia
sane-person,saneaz
male traveler (genshin impact),aether (genshin impact)
fire emblem: kakusei,fire emblem awakening
acorns,acorn
neck licking,neck lick
hang gliding,hang glider
ps vita,playstation vita
red oni (smile precure!),aliaspseudonym
y (pokemon),serena (pok・・ｽｩmon)
w-legs,wariza
yotte,yacht
houenken,inase shin'ya
clothed male naked female,clothed male nude female
steeb,steef
kixyuresu,curse
spykeee,spykie
bigdog,greater dog
stitching,stiches
tsuwabuki daigo,steven stone
frilled pillow,frilly pillow
bloody leg,blood on leg
rolled-up sleeves,rolled up sleeves
tricorne hat,tricorne
starman jr.,starbirbz
kyuubee,kyubey
kyon,kion
morpeko (full belly),morpeko (full belly mode)
teeter-totter,seesaw
18dart1,d-art
zukky,zkky
s-now,snow
pall,pole
lump of sugar,sugar cube
suzumiya haruhi no yuutsu,the melancholy of haruhi suzumiya
photo (object),photo
sian,cyanne
samanta (samsung),samsung sam
sody,soddy
double ahoge,antenna hair
power socket,electrical outlet
skeptycally,skeptical
ahri (league of legends),ahri (lol)
fidget,fidgeting
liiko,riko
finalfantasy10,final fantasy x
collarbones,collarbone
masu,trout
hanasakichu,kanji
sliding doors,sliding door
rabbit ear,rabbit ears
glock 17,glock
green blouse,green shirt
relife,tolerain
contracted pupils,constricted pupils
6+girls,female
my unit (fire emblem: kakusei),robin (fire emblem)
pepero,pocky
mobu,moobs
rivals,revali
upside-down kiss,upside down kiss
cg game,game cg
nobori (pokemon),ingo (pokemon)
cooler (dragonball),cooler (dragon ball)
shikimi (pokemon),shauntal (pokemon)
ringu,the ring
icaro art,andava
makaroni,macarroni
grey earrings,ear ring
inago,locust
leopardon,leopard
kyoung hwan kim,tara
cowboys,cowboy
welve,welding
petals in wind,falling petals
digi charat,di gi charat
fareeha amari,pharah (overwatch)
fleur-de-lis (pokemon),lysandre (pok・・ｽｩmon)
white devil,white-devil
game sprite,sprite
fang necklace,tooth necklace
semen on breasts,cum on breasts
translatied,translated
police man,policeman
the idolmaster,idolmaster
lein,rayne
hi ye,yello
total,yonk
marvelous,marei
cellien (kemono friends),cellien
legs lock,leg wrap
toooka,tooca
felisovum,katzeh
leels,nayru
victrola,phonograph
silver eyelashes,colored eyelashes
yellow thighhighs,yellow legwear
thrown kiss,blowing kiss
caramel dansen,caramelldansen
ripped bodysuit,torn bodysuit
brown lipstick,brown lips
sana (pokemon),shauna (pok・・ｽｩmon)
hairband bow,bow hairband
carrier,katkichi
musical sheets,sheet music
thanks,thank you
ivy,ibee
raplus,lapras
cowgirl (position),cowgirl position
mona megistus,mona (genshin impact)
ccs,cardcaptor sakura
football (object),soccer ball
bandaged hands,bandaged hand
ahute,arh
alternative hair length,alternate hairstyle
gold fingernails,gold nails
dokuta,dok-tah
carrying on back,piggyback
ranou,ran'ou (tamago no kimi)
bloody teeth,blood on teeth
frilled kneehighs,frilly legwear
record machine,phonograph
sakuna,sakura
alternate costume (official),official alternate costume
bath tub,bathtub
camouflage helmet,camo headwear
hair flaps,hair strands
fire emblem if,fire emblem fates
lime1125,starry sky
frilled thighhighs,frilly legwear
fuyou (pokemon),phoebe (pokemon)
female protagonist (pokemon bw2),rosa (pok・・ｽｩmon)
sugaishi,satellite
linjie,rinzy
dark skin female,dark skin
nihility,nihilophant
shooting glasses,safety glasses
hunie pop,huniepop
souno hana,lxkate
hairbrushing,brushing hair
school swimsuits,school swimsuit
fallopian tube,fallopian tubes
short puffy sleeves,puffy short sleeves
hanzo shimada,hanzo (overwatch)
bush,shrub
geung si,jiangshi
wiping eyes,rubbing eyes
gloamy,gourami
big bad wolf (grimm),big bad wolf
hanakago,kanji
ice horns,ice horn
bof3,breath of fire
averted eyes,looking away
commander atarime,cap'n cuttlefish
stele,stela
akou roushi,aliaspseudonym
blue thighhighs,blue legwear
smelling ass,butt sniffing
aumcry,puririn
shounen-ai,male/male
pouch,pouches
pokemon md,pokemon mystery dungeon
zephyr aile,hijabolic
bloodshot eye,bloodshot eyes
ffvi,final fantasy vi
upotte,upotte!!
facing down,pointing down
finger in panties,hand in panties
corette,colette
kamina glasses,kamina shades
model car,toy car
tail,skottichan
rifles,rifle
tree sitting,sitting in tree
biohazard 4,resident evil
wool,vellum
ohland,arh
hoshiguma yugi,yuugi hoshiguma
fake animal tail,fake tail
criminal photo,mugshot
k@de,kadeart
scar on mouth,mouth scar
doriru,drill curls
lactation (male),male lactation
incipient hug,imminent hug
rufuyu (show by rock!!),ruhuyu (show by rock!!)
ps5,playstation 5
gold,gullet
ginga elyka,utterangle
sit-up,sit up
fukuinu,evangelo
puffy shoulders,puffy sleeves
street fighter zero (series),street fighter
p&p,dr.p
pillow sitting,sitting on pillow
shanghai,shanghailion
street fighter alpha 2,street fighter
male protagonist (pokemon b&w),hilbert (pok・・ｽｩmon)
blue ascot,blue neckwear
jean skirt,denim skirt
arm blade,arm blades
mon mon,lundi
ffxiii,final fantasy xiii
els,elle
mmmilk,uhoh
magpie,eurasian magpie
teeth necklace,tooth necklace
scribblekid,dave cheung
animal,kinyama
stitch,stiches
1980s (style),80's theme
no-face (spirited away),no-face
flying kiss,blowing kiss
suyamori,imaani
kuzohujimaru,suzumaru
beast,fiarel
reverse paizuri,reverse titfuck
impregnate,impregnation
gyakuten saiban,ace attorney
orange bikini top,orange bikini
aurea juniper,professor aurea juniper
unmaker,macher
hair comb,comb
sigil,coat of arms
wagasa,oil-paper umbrella
elphe,elfein
skintightsuit,tight clothing
shirikoki,hot dogging
urethral object push,urethral penetration
censor hair,hair censor
tokin,tokin hat
polla,paula
seung mina,seong mi-na
tucked penis,tail penis
fma,fullmetal alchemist
kouko,coco
black wing,black wings
jacket over shoulders,jacket on shoulders
hover bike,hoverbike
kong (genshin impact),aether (genshin impact)
deer antlers,cervine antlers
sho n.d.,sho-n-d
aw,arh
neko-arc,neco-arc
the wheel of fortune (tarot),wheel of fortune (tarot)
angel and devil,angelanddevil
saix,sykez
terrace,teraunce
holding walking stick,holding cane
chichikurabe,bust chart
fallen-leaves,falling leaves
followers,milestone celebration
thai,thai text
kara zor-l,power girl
pokemon rgb,pokemon rgby
knifed,knife
nier replicant,nier
.3.,o3o
orange leggings,orange legwear
ffx,final fantasy x
sora (genshin impact),aether (genshin impact)
windowbox,border
ripped hoodie,torn hoodie
unown,incogneato
custard,custardalvis
surge protector,power strip
freeza,frieza
purple flame,purple fire
riderman,rider
noeru,noel
jet ski,jetski
tropical drink,tropical beverage
puffy nipple,puffy nipples
hieda no akyu,hieda no akyuu
pov aiming,aiming at viewer
vocaloid 3,vocaloid
elin (tera),elin
large tits,big breasts
suiren (pokemon),trial captain lana
brand name,product placement
vietnamese,vietnamese text
tiger suit,tiger costume
mush,musth
silver jacket,grey jacket
nighty,nightgown
chips,chips (food)
froppy (boku no hero academia),asui tsuyu
bunching hair,hair strands
fan,hand fan
nezumimi,mouse ears
contrails,contrail
feet only,paws only
kurattes,carat
mouse pointer,cursor
light shaft,sunbeam
kairuhentai,kairunoburogu
monster ball,pokeball
hidarikiki (pixiv),hidarikiki
averting eyes,looking away
stall (market),market stall
magnifying glasses,magnifying glass
kimmy77 art,kimmy77
razor wire,barbed wire
lollipops,lollipop
super ball,great ball
idolmaster million live,idolmaster million live!
pokemon red and blue,pokemon rgby
tip toe,tiptoes
for all time,porforever
robutts,cutesexyrobutts
azula,azre
hayabusa,peregrine falcon
sasayuki,sasaki
under ground,underground
stuffed eggplant,plushie
wolksheep,hybrid
ff12,final fantasy xii
inflator,air pump
chain sickle,kusarigama
rai-rai,koishi chikasa
utawareru mono,utawarerumono
my ordinary life,nichijou
sapphire (pokemon),may (pok・・ｽｩmon)
vampire savior,vampire (game)
aruf,arf
ffv,final fantasy v
akais,akasch
thigh straps,thigh strap
nervlish,nervous
stained clothes,dirty clothing
coyote tail,wolf tail
boar ears,wild boar
rear-view mirror,rearview mirror
electric keyboard,musical keyboard
maco,mako
esukee,universe
modeling,modelling
pamela lillian isley,poison ivy
bolt,bolts
hair vines,hair strands
diablos,diablo
alph,arf
heart tails,heart tail
kurohime (princess fresh meat),princess hinghoi
metae,meta
black blazer,black jacket
toloveru,to love-ru
cosmicmind,universe
blueberry,blueberry (fruit)
striped one-piece swimsuit,striped swimwear
semen in mouth,cum in mouth
face on ground,on front
drumsticks,drumming stick
mattaku moosuke,mattaku mousuke
lappillow,lap pillow
burying,t・・ｽ｡ng
snow monkey,japanese macaque
manah,mana
brandon dunn,imdrunkontea
hu tao,hu tao (genshin impact)
jinja,shrine
sports jersey,jersey
spoons,spoon
party blower,party horn
powered armour,power armor
megaman zx,mega man zx
stuffed bear,teddy bear
flying ship,airship
chatea,chat
pinnn,pins
samsung electronics,samsung
minatoasu,harbor
multicolored blouse,multicolored shirt
using toilet,toilet use
air punch,raised fist
tagme (character),character request
breast covering,covering breasts
open pussy,spread pussy
skirt blow,wind lift
van-s,van
matsuno jyushimatsu,jyushimatsu matsuno
showdown,confrontation
hand to chin,hand on own chin
hetalia,axis powers hetalia
tomiwo,tommyowo
recoilless rifle,rocket launcher
greenapple,green apple
too small,undersized clothing
vectortrace,vector trace
ear licking,ear lick
white thighhighs,white legwear
lasto,zwishi
slimegirl,goo creature
blob,blurau
ainu,aoinu
yolk,egg yolk
oriental umbrella,oil-paper umbrella
kava181,hippopotamid
vapor trails,contrail
biker shorts,bike shorts
boob chart,bust chart
howto,how-to
shoulder ride,shoulder carry
skull earring,skull earrings
rotix,lotix
sunfish,the sunfish
racequeen,race queen
leg guards,shin guards
ol,office lady
hair loops,hair ring
hands to cheeks,hand on cheek
ultraviolet light,ultraviolet
balance ball,exercise ball
spitting fire,fire breathing
antichrist cross,inverted cross
semen on lower body,cum on body
moth ears,moth antennae
bottom less,bottomless
satya vaswani,symmetra (overwatch)
between pectorals,between pecs
kaizeru,kaizar
stud belt,studded belt
made in wario,warioware
football,soccer
sushoyushi,sushi
water lily pad,lily pad
bow thighhighs,bow legwear
villager (doubutsu no mori),villager (animal crossing)
one-piece,one-piece swimsuit
melonpan,mellonbun
ornate clothes,ornate clothing
open yukata,open kimono
teiiku,teyk
face-down ass-up,ass up
day of the dead (holiday),day of the dead
street fighter ii (series),street fighter
stuffed doll,plushie
blown kiss,blowing kiss
booklet,brochu
xenoblade 2,xenoblade chronicles 2
hibiki (pokemon),ethan (pok・・ｽｩmon)
space marine (warhammer 40k),adeptus astartes
dracaena (pokemon),drasna (pokemon)
shinori,grim reaper
out of border,outside border
galaxies,galaxy
sleep wear,sleepwear
white vs black,black and white
ying-yang,yin yang
masaru (pokemon),victor (pok・・ｽｩmon)
fiery weapon,flaming weapon
uchigatana,udon
crombaster,ukan muri
sucho,tali
makiya 1919,suruga (xsurugax)
pumpkinpaii,pumpkin pie
avatar (fire emblem if),corrin (fire emblem)
yelloweyes,yellow eyes
milk junkies,milkjunkie
blur censor,blur censorship
suica,watermelon
lotus,lotosu
2boy,male
chups,chapu
witchhat,witch hat
kaze no tani no nausicaa,nausica・・ｽ､ of the valley of the wind
vampyr,vampire
ballet bar,barre
tip-toes,tiptoes
thigh licking,licking thigh
spinning wheel,spinda
argyle print,argyle
mail armor,chainmail
fishing lines,fishing line
camilla (fire emblem if),camilla (fire emblem)
juice,juiceps
butcherboy,butcher
guzuma (pokemon),skull boss guzma
street fighter zero 3,street fighter
leaf-pattern stripe,leaf print
maka alban,maka albarn
roe,egg
french bread,baguette
the monkey,macaque
manko,pussy
cinko17817,cinko
yjy,izzy
keitai,cellphone
under-rim glasses,under-rim eyewear
panty down,panty pull
dogfighting,dogfight
rurina (pokemon),nessa (pokemon)
sento,bathhouse
blue bowtie,blue neckwear
nose drip,runny nose
shotadom,rampie
picnicic,picnic
sole female,female
catherine,katherine
teru (pokemon),rei (pokemon)
lei lei,hsien-ko (darkstalkers)
cutlass (sword),cutlass
throwing stars,shuriken
letter boxed,letterbox
carlos eduardo,raichiyo33
push-button,pushbutton
space puffs,afro puffs
lipgloss,lip gloss
tsunokakushi,tidalwave
assless panties,backless panties
slurpuff (pokemon),slurpuff
sa-x,saxophone
pray,praying
sitting on railing,railing
cai-man,caiman
shoes on hands,holding shoes
help,vontsira
ff7,final fantasy vii
bike,bicycle
hxh,hunter x hunter
fruits basket,fruit basket
rakka oto,koishi chikasa
gut punch,belly punching
mahjongg,mahjong
doraf,draph
alpaca suri,suri alpaca (kemono friends)
narane,enarane
jankenpon,rock paper scissors
red blazer,red jacket
watering pail,watering can
wiccan,wicka
two-tone-hair,two tone hair
polka-dot bra,polka dot bra
original,fan character
hiding mouth,covering mouth
talez01,conto
panty hose,pantyhose
fire man,firefighter
aetherion,ether
tenpura (tenpura621),ra tenpu
cowter,couter
staring at breasts,looking at breasts
odango,double bun
katanas,katana
final fantasy 7,final fantasy vii
dirigible,airship
kidou senshi gundam,mobile suit gundam
ivy (soul calibur),ivy valentine
pregnancy (male),pregnant male
raira,ryla
hangingboob,hanging breasts
futa with futa,intersex/intersex
ff10,final fantasy x
backwards sitting,sitting backwards
sock bow,bow legwear
sideways glance,looking sideways
jpegartifacts,compression artifacts
paw boots,paw shoes
police-man,policeman
jun (pokemon),barry (pok・・ｽｩmon)
sakuratsuki,sakura
jpg artifacts,compression artifacts
kono subarashii sekai ni shukufuku o!,konosuba: god's blessing on this wonderful world!
one earring,single earring
grey one-piece swimsuit,grey swimwear
coomer (meme),coomer wojak
cursedpairing,himuhino
natsushi,summer
shoulder armour,shoulder armor
dildo licking,dildo lick
holding drinking glass,holding cup
ff8,final fantasy viii
kanaria,canary
crystallization,crystal
6+girl,female
routo,rooth
straw (drinking),drinking straw
squirting (sex),pussy ejaculation
pokemon sun,pokemon
clothed female naked male,clothed female nude male
:0,:o
melone,melon
rushian,rathian
finalfantasy,final fantasy
cat tails,cat tail
crest,coat of arms
nosuke (pixiv),moyoron
crhistmas,christmas
bell hair ornament,hair bell
fondling testicles,ball fondling
transparent gif,transparent background
crescent wand,crescent moon
moira,moirah
upside-down cross,inverted cross
inica,inicka
romanji,romaji text
great gray wolf sif,great grey wolf sif
 chunibyo & other delusions,chuunibyou demo koi ga shitai!
dog ear,dog ears
marshmelon puni,melon
mister mime,mr. mime
ushisuke,embarrassed
nezu (pokemon),piers (pokemon)
a maru,mal
qaz2365643,cian yo
froth,suds
merue,valoo
kerasu,ricegnat
stuffed snake,plushie
asmodeus (shinrabansho),asmodeus (shinrabanshou)
arigatou,thank you
natsuhara,summer
pso,phantasy star online
thighhigs,thigh highs
mozzu,shrike
umaibou,uhoh
shimakaze (kantai collection),shimakaze (kancolle)
sun print,sunscreen
game asset,game cg
zenya,zenia
heart crotch cutout,crotch cutout
leon (pokemon swsh),leon (pok・・ｽｩmon)
mei (pokemon),rosa (pok・・ｽｩmon)
foreskin retraction,foreskin pull
jelly fish,jellyfish
ice creams,ice cream
bright background,backlighting
kanna (pokemon),lorelei (pok・・ｽｩmon)
hits,milestone celebration
roah,raux
junes,joon
cranberry,krendius
sceptre,scepter
clit pull,clitoris pull
folders,folder
kaoling,kaorh
maggi,maggwai
tanu,thanu
promare,soza
english,english text
kotone (pokemon),lyra (pok・・ｽｩmon)
alternative eye color,alternate eye color
hand up shirt,hand under shirt
commission,kotezio
face punching,face punch
breast pocket,breast pockets
hair clips,hairclip
head sitting,sitting on head
holding lance,holding polearm
ping-pong racket,table tennis paddle
tie grab,necktie grab
dr. angela ziegler,mercy (overwatch)
probably noon,probablynoon
bruno buccellati,bruno bucciarati
jinglebells,jingle bell
k-on,k-on!
candy floss,cotton candy
insaneres,absurd res
gameboy advance sp,game boy advance sp
higana (pokemon),lorekeeper zinnia
instrument,musical instrument
wolyafa,moonlight flower
pink earrings,ear ring
lkll,lakilolom
chrysanthemum,chryseum
cum on swimsuit,cum on clothing
rat ears,mouse ears
sweethex,noiverus
optional typo,requiemdusk
yarnball,ball of yarn
kuraken,kraken
thighboots,thigh boots
hiide,yello
infantry,soldier
wristcuff,wrist cuffs
ammunition belt,ammo belt
carnet (pokemon),diantha (pok・・ｽｩmon)
no belly button,no navel
heart ass cutout,butt cutout
stuffed whale,plushie
ball caress,ball fondling
newyear,new year
painting fingernails,painting nails
luxuriou s,glush
hortensia (flower),ortensia
finalfantasyiv,final fantasy iv
neck belt,belt collar
sakidesu,cerezo
pack er 5,packge
bunny ears,rabbit ears
salamander tail,lizard tail
a-plug,plug
yinyang,yin yang
clit slip,clitoris slip
headboob,boob hat
vampire savior (game),vampire (game)
exasperation,angry
holding jack-o'-lantern,holding pumpkin
bike suit,bicycle
red pantyhose,red legwear
!!?,?!
4coma,4koma
ropebondage,rope harness
snake girl,lamia
barrett m107,barrett m82
bellcollar,neck bell
street fighter 3,street fighter
rubbishfox,wisespeak
rosen maiden,rozen maiden
maamane (pokemon),trial captain sophocles
stuffed seal,stuffing
pokemon masters ex,pok・・ｽｩmon masters
blue berry,blueberry (fruit)
mahoujin,magic circle
shinia,sinia
cheating (relationship),cheat
half-rim glasses,semi-rimless eyewear
title name,copyright name
shoulder-length hair,medium hair
rozarin,rozalin
circling stars,seeing stars
cross of saint peter,inverted cross
maid cachusha,maid headdress
road cone,traffic cone
ex-meiling,hong meiling
reina charlotte tycoon,lenna charlotte tycoon
mak,m@k
sugar cube (object),sugar cube
callum (pokemon),calem (pok・・ｽｩmon)
link (wolf),link (wolf form)
elyse,eryz
typo (requiemdusk),requiemdusk
akatsuki kojou,kindergarten
licking testicles,ball lick
princess cut,hime cut
taoru,towel
hand outstretched,outstretched hand
series request,copyright request
shopping trolley,shopping cart
highena,hyaenid
maruttona,komusou (jinrikisha)
valentien,valentine's day
mahou shoujo,magical girl outfit
dande (pokemon),leon (pok・・ｽｩmon)
flame sword,flaming sword
oven mittens,oven mitts
sitting on broom,broom riding
pattern,patterns
fur lining,fur trim
triple fusion,hexafusion
unity (ekvmsp02),mal
hanakanzarashi,kanji
yotsuba&!,yotsubato!
couple,romantic
barrett m82a2,barrett m82
karas,corvid
quiz,kix
porurin,poleyn
horo,jolo
odd eye,heterochromia
holding picture,holding drawing
video with sound,sound
male with newhalf,gynomorph/male
hands on glass,hand on glass
stuffed dog,plushie
ribbons in hair,hair ribbon
the genesis,genesis
boys love,male/male
differland,diforland
krampus (tokyo houkago summoners),krampus (housamo)
tied up (sexual),bondage
ironing,icaron
kurono,chrno
kamome,gull
broken ear,notched ear
hole in ears,earhole
girl in a cup,in cup
daigo (pokemon),steven stone
whirlwind,wirberlwind
peeing pants,wetting
shirona (pokemon),cynthia (pok・・ｽｩmon)
babycat,observerz
new year's eve,new years eve
catboy,cat boy
robert porter,robaato
torque,torc
miysin,sewing machine
choiark,chalk
orange peel,orange-peel
yellow blouse,yellow shirt
captcha,capte
totakeke,k.k. slider
blowjob gesture,fellatio gesture
untied footwear,shoelaces untied
tetrodotoxin,tetrodotoxine
v (bunny ears),bunny ears (gesture)
jum-p,ruco
aratake,alator
holding playing card,holding card
back hug,hugging from behind
pointy fingernails,sharp fingernails
fire keeper,firefighter
flower viewing,kanji
toe-scrunch,toe scrunch
stuffed wolf,plushie
de-aged,aged down
yu-gi-ou!,yu-gi-oh!
crimvael,crimestrikers
holding another's hand,hand holding
ce- -3,pepper0
hand to chest,hand on own chest
awa,arh
cheergirl,cheerleader
tissuebox,tissue box
nero (dmc),nero (devil may cry)
assembling,majalis
please don't bully me nagatoro,ijiranaide nagatoro-san
e volution,evolution
hairdown,hair down
kiidautoisa,hondaranya
hidden masturbation,stealth masturbation
pring654,k pring
rabi en rose,usada hikaru
whips,whip
kuronezumi,black balls
thigh cup,wakamezake
posterior cleavage,butt
no sleeves,sleeveless
fan (handheld),hand fan
holes,buchi
street fighter ii' turbo: hyper fighting,street fighter
rokkaku (ajisaidenden),kawakami rokkaku
ohse,arh
arm guard,arm guards
papas,daddy-o
takeshi (pokemon),brock (pokemon)
united kingdom flag,union jack
pearl (pokemon),barry (pok・・ｽｩmon)
used condom on penis,filled condom
hip lines,pubic mound
shirika,silicas
bird nest,birds nest
semi rimless glasses,semi-rimless eyewear
my unit (fire emblem if),corrin (fire emblem)
fatalpulse,asanagi
eureka (pokemon),bonnie (pok・・ｽｩmon)
paper ghost,shikigami
dashed outline,dotted line
8girls,female
clams,clam
okappa,bob cut
gothloli,gothic lolita
girl's love,female/female
breast outside,one breast out
orange (food),orange (fruit)
print blouse,print shirt
bb (fate) (all),bb (fate)
super street fighter ii turbo hd remix,street fighter
tharja,tharja (fire emblem)
sponsor,sponsz
psvita,playstation vita
bloody chest,blood on chest
penis tucking,tail penis
bareshoulders,bare shoulders
condensation trail,contrail
stare down,staredown
shitappa,sertaa
boco,boko
sanji,sanji (one piece)
lodoss-tou senki,record of lodoss war
chjz,pukara
ilya,illyasviel von einzbern
fluorescent lamp,fluorescent light
grimmjow jeagerjaques,grimmjow jaegerjaquez
hand to cheek,hand on own cheek
carte,cult
almost kiss,imminent kiss
cracked lens,cracked glass
licking own penis,autofellatio
ji dan,jidane
parking garage,parking lot
lorry,truck
croquette,korokke
xiaji,shazzi
female protagonist (pokemon b&w),hilda (pok・・ｽｩmon)
disassembly,decomposition
puni (pokemon),zygarde core
checkered blouse,checkered shirt
toosaka sakura,sakura mat・・・
brown earrings,ear ring
bishounen,male
edging underwear,underwear
ice-cream cone,ice cream cone
hadaka apron,apron only
hands focus,hand focus
kentucky fried chicken,kfc
roman number,roman numeral
3dcg,3d (artwork)
cannonballs,cannonball
milk breasts,lactating
cunillingus,cunnilingus
tsukimushi,tidalwave
tanaka shoutarou,tabusa
gosurori,gothic lolita
breakdance,breakdancing
cat girl,feline
fiery eye,fiery eyes
hairbell,hair bell
tsubasaki,tidalwave
teabagging (sexual),tea bagging
stuffed cow,plushie
rape eyes,imminent rape
moru00f,kret
chip (poker),poker chip
sakaki (pokemon),giovanni (pok・・ｽｩmon)
bandagebra,chest wraps
majorette,attack
typemoon,type-moon
mesousa,marshy
tsukiuta,tidalwave
zombification,zombiate
chillarmy,minccino
stocking stuffer,christmas stocking
holding backpack,holding bag
white bikini top,white bikini
iguana (animal),iguanid
healin good precure,healin' good precure
pokemon blue,pokemon rgby
spot colors,spot color
chiki,tiki (fire emblem)
harry james potter,harry potter
jyun,joon
devotion,wakfu
cigarete,cigarette
veggie,vegetable
fig,whike
itou korosuke,korosuke
kubisuji,eel
olga narhova,prywinko
scribble,graffiti
sheep horns,ram horn
goback,mayar
medarot,medabots
versen,poem
stuffed sheep,plushie
person in a container,in container
armpit holster,shoulder holster
a/c,air conditioner
stripped panties,striped panties
sully (fire emblem),orangesoiree
mintes,minze
nipple cutout,nipple cutouts
roaches,cockroach
ff9,final fantasy ix
emoji censor,emoji censorship
toggles,toggle
redrawn,redraw
mole on ass,mole on butt
final fantasy 11,final fantasy xi
phara,farah
dragon quest 10,dragon quest x
sugar cubes,sugar cube
yu-gi-ou,yu-gi-oh!
headswap,head swap
polymastia,multi breast
the moon studio,moon studios
flyswatter,fly swatter
naked sleeves,detached sleeves
ejaculation between breasts,ejaculation
groose,sulcus
tit window,cleavage cutout
train tracks,railway
puca-rasu,pukara
inspecting,examination
otter (kemono friends),asian small-clawed otter (kemono friends)
officelady,office lady
biohazard suit,hazmat suit
ping-pong,table tennis
luliao,aaru (tenrake chaya)
ryle,rairru
fox fire,hitodama
need source,source request
sakidesu00,cerezo
lordoftherings,the lord of the rings
shikinami asuka langly,asuka langley soryu
night table,nightstand
mouth,suule
monster girl doctor,monster musume no oisha-san
eva solo,evasolo
tab head,tabhead
sakamoto ryuuji,ryuji sakamoto
magical girls,magical girl outfit
clavicles,collarbone
ruffled dress,frilly dress
ice box,cooler
water droplets,water drop
meronpan,mellonbun
m-82a,barrett m82
cigarrette,cigarette
tsuchinoto,tidalwave
pareo,sarong
gold brick,gold bar
lillly,liliel
dark ball,dusk ball
outlines,outline
nose,snout
arm outstretched,outstretched arm
re cation,rebirth
dwarves,dwarf
bunny ear,rabbit ears
souryuu asuka langly,asuka langley soryu
minna no rhythm tengoku,rhythm heaven
glowing fingernails,glowing nails
olga solovian,olchas
trading cards,trading card
street fighter iii: 3rd strike,street fighter
aro,ahro
zyl,jirs
toy box-r,surio
mathnote,math
ff13,final fantasy xiii
bullpup rifle,bullpup
video game console,game console
:},smile
birdcage,bird cage
blizzard,blizzieart
black pit,dark pit
ichigo pantsu,strawberry panties
street fighter alpha 1,street fighter
ohjin,arh
trembling legs,shaky legs
matsubusa (pokemon),maxie (pok・・ｽｩmon)
slender man,slenderman
heart navel cutout,navel cutout
to-love-ru,to love-ru
ningai modoki,jingai modoki
grey thighhighs,grey legwear
rayn,rayne
mudra,almudron
shopping bags,shopping bag
homika (pokemon),roxie (pokemon)
vomiting rainbows,technicolor yawn
toe-spread,spread toes
the world,donya
cats yone,g-cat
panchira,panty shot
mark of the wolves,garou: mark of the wolves
striped thighhighs,striped legwear
bun covers,bun cover
hands on cheek,hand on cheek
shio,sio
personal ami,personalami
hair ties,hair tie
blowing leaves,falling leaves
mochi mallet,xine
falling snow,snowing
maple story,maplestory
negurie,negija
1girls,female
ff4,final fantasy iv
song hana,d.va (overwatch)
burning sword,flaming sword
fire-tipped tail,flaming tail
leaves in wind,falling leaves
chuu2koi,chuunibyou demo koi ga shitai!
licking testicle,ball lick
amazon (copyright),amazon (company)
dq8,dragon quest viii
castanic (tera),castanic
feel,feels
vicke (pokemon),wicke (pok・・ｽｩmon)
testicles on face,tea bagging
rockman dash,mega man legends
suncream,sunscreen
asai genji,anesthesia
sakusaku,sakura
lopsided breasts,asymmetrical breasts
transparency,translucent
ox horns,cow horn
pokemon sm,pokemon
artist twitter,twitter username
onenechan,onene
o <,> o
elleciel.eud,eud
facing up,pointing up
ghislaine dedoldia,ghislaine dedorudia
memories off,memories
colt m1911,handgun
holding strawberry,holding fruit
no skirt,pantsless
pink yukata,pink kimono
extra penises,multi penis
seeu,seeumai
m82,barrett m82
waiting line,queue
incipient kiss,imminent kiss
gyakuten saiban 4,ace attorney
anthropomorphism,personification
red earrings,ear ring
ping pong paddle,table tennis paddle
lonerurouni187,kenshin187
pokemon card,pok・・ｽｩmon tcg
drainpipe,drain pipe
boxers aside,underwear aside
violoncello,cello
party hats,party hat
tail-tip fire,flaming tail
street fighter zero i,street fighter
house wife,housewife
leafbikini,leaf bikini
matcho,match
neliel tu oderschvank,nelliel tu odelschwanck
dog cone,ruff (clothing)
toosaka rin,rin t・・｡径ka
inase shinya,inase shin'ya
golden wind,jojo's bizarre adventure
muffler,scarf
stuffed cat,plushie
sparklers,sparkler
settee,sofa
closed fists,clenched hands
with you,kougatalbain
detached arms,detachable arms
hawawani,fuf
toheart2,to heart 2
hair locs,dreadlocks
sona buvelle,sona (lol)
fireball (fire),fireball
ox ears,bovine ears
tokonatu,p!k@ru
fish bones,fishbone
final fantasy 10,final fantasy x
cuvie,q-bee
gothiruselle,gothitelle
phosphora,lyn
tentacle clothes,tentaclothes
crescent,crescent moon
major,majmajor
lirica,llirika
sucking penis,fellatio
nanakawa mika,rainbow mika
cat ears,cat humanoid
chicks,chick
bullet casings,shell casings
toddlersex,toddler
male protagonist (pokemon xy),calem (pok・・ｽｩmon)
gold ingot,gold bar
african wild dog ears,dog ears
rumo,lumo
gomennasai,rimentus
landship,teren
panty aside,panties aside
frilled,rufflet
eye rub,rubbing eyes
pickax,pickaxe
miqi (nnaf3344),mikicat
ripped jacket,torn jacket
greenhair,green hair
handpuppet,hand puppet
goggle on head,goggles on head
yuuki (pokemon),brendan (pokemon)
overflowing,overflow
sessue,seth
shadbase,shadman
lightningstrikes,viggen
road roller,steamroller
melon (pokemon),melony (pokemon)
rosetta (mario),rosalina (mario)
filmstrip,film strip
railgun (weapon),railgun
black-hair,black hair
hitode,starfish
ping pong,table tennis
olympic games,olympics
biohazard 2,resident evil
revised,revision
police woman,policewoman
gen (pokemon),riley (pok・・ｽｩmon)
rockman (character),mega man (character)
droplet,water drop
seung mi-na,seong mi-na
tartar,tartare
large hat,big hat
kagari (pokemon),magma admin courtney
3rd strike,street fighter
highfive,high five
toe-point,plantar flexion
sex change,crossgender
grasslands,meadow
spiking,spikes
ganzu,gantz
leeches,leech
tail red,cuehors
fuuro (pokemon),skyla (pokemon)
ohoho,arh
caster (fate/extra),caster tamamo-no-mae
lyuka,rayka
ritence,ritual
ass crack,butt
trente,treant
waffles,waffle
kaiju samurai,kaijusamurai
preschool,kindergarten
antennae hair,antenna hair
nude ribbon,naked ribbon
tanuki ears,raccoon ears
fingers inside mouth,finger in mouth
brown-hair,brown hair
wetshirt,wet shirt
holographic clothing,holographic clothes
scarf sharing,sharing scarf
panty flash,panty shot
yankee,delinquent
ririmon,lillymon
whitebox,tail box
mime junior,mime jr.
four-poster bed,canopy bed
mr. skull,ratatatat74
uzaki-chan wants to hang out!,uzaki-chan wa asobitai!
haiteku,high tech
fish ears,head fin
clothes rack,clothing rack
hippopotamuso,hippopotamid
windchime,wind chime
chestnuts,castagno
ahn,anne
g-gundam,g gundam
boars,wild boar
sidetail,side ponytail
scar on breasts,chest scar
rickshaw,rekkit
nobuchi,star
tengen toppa gurren-lagann,tengen toppa gurren lagann
bodystocking under clothes,bodystocking
kuro (fate/kaleid liner),chloe von einzbern
cheek tug,cheek pull
lavender nails,purple nails
on crescent,crescent moon
sit on face,facesitting
twinbraid,twin braids
kagari atsuko,atsuko kagari
toe-point down,plantar flexion
bluescreen,blue screen of death
paint bucket,paint can
monobe-moriya,monobe yuri
hiccup,hiccuping
tactics,takatiki
portuguese,portuguese text
bell earring,bell earrings
tsuki-shigure,tidalwave
large pectorals,big pecs
protect,protecting
chest of drawers,drawer
cardiac arrest,heart attack
canking,tin can
pectoral focus,breast focus
blood on fingers,blood on hand
lillin,lyrin
mismatched nail polish,multicolored nails
fan (electric),electric fan
steeb26,steef
lstrikesart,viggen
swimcap,swimming cap
sharking,pantsing
windowboxed,border
grey blouse,grey shirt
indonesian,indonesian text
heel pop,heelpop
bandaged arms,bandaged arm
chotto,cheotdo
saitou (pokemon),bea (pokemon)
rusky,laskey
soul (pokemon),silver (pok・・ｽｩmon)
raidon,leydon
nier gestalt,nier
striped pantyhose,striped legwear
stoplight,traffic light
lightbrown hair,light brown hair
cctv,security camera
hair rollers,hair roller
gatling,gatling gun
ok,ok sign
alchemaniac,alchemy
dong azema,feathers
shou (pokemon),akari (pokemon)
whaleshark,whale shark
peeking out,piilsud
inside spacecraft,spaceship interior
food on cheek,food on face
powered armor,power armor
web,spider web
absorbing,absorbtion
gigantic breast,huge breasts
hands outstretched,outstretched hand
wind magic,air manipulation
testicle licking,ball lick
kava,hippopotamid
chiru,chilllum
matsunoki (unknown 751),suruga (xsurugax)
3p,threesome
sasakura,sasaki
ms. eight feet tall,hasshaku-sama
umineko,umineko no naku koro ni
arezu,arezu (pokemon)
the helpful fox senko-san,sewayaki kitsune no senko-san
icecream cone,ice cream cone
kingoffighters,the king of fighters
amplifier (instrument),amplifier
toei,toei animation
starlime,starry sky
iron sign,male symbol
hair flowers,flower in hair
screw driver,screwdriver
music sheet,sheet music
sankuma,sun bear
takamaki anzu,ann takamaki
maka arubaan,maka albarn
spark,sparks
steven (pokemon),steven stone
pantsupull,panty pull
kuma x,exaxuxer
iwbitu-sa,iwbitu
rei (pokemon legends: arceus),rei (pokemon)
kingdom hearts mobile,kingdom hearts
toire amesawa,amezawa koma
ffiv,final fantasy iv
blue blazer,blue jacket
pearl earrings,pearl earring
mole,kret
sleeveless blouse,sleeveless shirt
nippori,japan
paruko (splatoon),harmony (splatoon)
spaghetti straps,spaghetti strap
super mario bros. 1,mario bros
walnut (food),walnut
electric socket,electrical outlet
drrr!!,durarara!!
sonri,sonyan
double ears,multi ear
striped blouse,striped shirt
koi (fish),koi
genkung,genus
dainamitee,dynamite
michael f91,michael (disambiguation)
lp record,record
erect nipplees,covered nipples
blue blouse,blue shirt
nose-to-nose,noses touching
takamaki anne,ann takamaki
traffic signal,traffic light
arms above,raised arms
adjusting headwear,adjusting hat
stuffed crocodile,plushie
kkumdol,cho!cho!
bare pectorals,bare chest
hair loop,hair ring
exchanging clothes,clothing swap
ball braids,hair bobbles
sekaiju no meikyuu 5,etrian odyssey
mos,moss
anti-tank rifle,anti-materiel rifle
anime in real life,photo background
garnet,garnetto
temmasa22,melon22
shuuko (s h uuko),shuuko
stacked books,book stack
nakuta,nakhta
compasses,compass
ana amari,ana (overwatch)
pollaxe,halberd
mymerody4649,trembling
mario kart 8 deluxe,mario kart
fishnet thighhighs,fishnet legwear
tanukichi (doubutsu no mori),tom nook (animal crossing)
hair decs,hair accessory
akaooni,aliaspseudonym
asuka langley souryuu,asuka langley soryu
molester,molestation
shyi,shy
loped,rope
gym ball,exercise ball
quaver,eighth note
dainama,nollety
bun huggers,buruma
buront,barontoko
dandelions,dandelion
jilu,jirs
fukuzou,evangelo
bunny ears prank,bunny ears (gesture)
!!!!,exclamation point
snake eyes,slit pupils
tsuki (xenoblade),dahlia (xenoblade)
holding camcorder,holding camera
aqua eyelashes,colored eyelashes
brainfreeze,brain freeze
parfait (ryunghu),yacht
blake (pokemon),nate (pok・・ｽｩmon)
mettaton-ex,mettaton ex
female sign,female symbol
ether core,ether-core
knees touching,knock-kneed
suzuna (pokemon),candice (pokemon)
nekoarc,neco-arc
misteor,fog
boy love,male/male
kaito,kaito (vocaloid)
glowing headgear,glistening headgear
pillarboxed,pillarbox
yace,eek
lahmu,lahmu (fate)
anti-material rifle,anti-materiel rifle
blonde eyelashes,colored eyelashes
cymbal,cymbals
card captor sakura,cardcaptor sakura
azto dio,aztodio
tearing clothes,tearing clothing
nailpolish,colored nails
yudoufu (unify),sakura
rough censoring,mosaic censorship
meru,mell
gas-mask,gas mask
creepy eyes,eerieeyes
heart eyepatch,heart eye patch
open blazer,open jacket
dirty clothes,dirty clothing
white earrings,ear ring
decora,decoration
clothes tug,pulling clothing
otokonoko,girly
durarara,durarara!!
brown one-piece swimsuit,brown swimwear
multitails,multi tail
onepunch-man,one-punch man
street fighter zero 2,street fighter
blastwave,shockwave
hand to own chest,hand on own chest
crossed legs (standing),crossed legs
r18gpicbot,fan no hitori
adultbaby,adult baby
tasuku,tasque
w legs,wariza
kajiki,marlin
orange eyelashes,colored eyelashes
honey calamari,honeycalamari
impossible clothes,impossible clothing
kaba (flusspferd),hippopotamid
legs,feet
red thighhighs,red legwear
over the knee,on knee
butt fangs,butt from the front
schooldays,school days
dustcloth,rag
junny,jinny
wetland,marshy
tally,talilly
hotaru (splatoon),marie (splatoon)
dragonball gt,dragon ball gt
copper,kobbers
 miss nagatoro,ijiranaide nagatoro-san
writing on another's face,face paint
shirtlift,shirt lift
ff1,final fantasy i
slums,slammu
yanappu,pansage
emuchi,coat of arms
cut,wounded
o ring,o-ring
kryztar ice,kryztar
spiked teeth,sharp teeth
oolong,woo long
bocodamondo,lewdamone
shikinami asuka langely,asuka langley soryu
tekhartha zenyatta,zenyatta (overwatch)
noise (crt),static
bluehair,blue hair
blood pack,blood bag
sucking dick,fellatio
copyright notice,watermark
bare knuckle,streets of rage
oreo,oreos
collar with chain,chain leash
koyashaka59,koyashaka
multilingual,multi tongue
purple thighhighs,purple legwear
fgo,fate (series)
shielder (fate/grand order),mash kyrielight
fire spit,fire breathing
vaginal object push,vaginal object insertion
boxart,box art
cat paw,cat paws
weather vane,weathervane
legs grab,foot grab
flaming eye,fiery eyes
planetes,planet
pussy veil,pelvic curtain
akari (pokemon legends: arceus),akari (pokemon)
cumswap,snowballing
lip licking,licking lips
breasts covering,covering breasts
2chan,futaba channel
kuma (persona4),teddie (persona)
platinum berlitz,dawn (pok・・ｽｩmon)
crescent moon symbol,crescent moon
finger licking,finger lick
traditional youkai,yokai
electronic cigarette,e-cigarette
serving food on female,nyotaimori
purple one-piece swimsuit,purple swimwear
shippo,skottichan
shin seiki evangelion,neon genesis evangelion
ransa,lantha
pink pantyhose,pink legwear
wrecking yard,junkyard
morning hair,messy hair
brown cat,brown pussy
air kiss,blowing kiss
ninjinshiru,ninja
feather hat ornament,hat feather
wall stuck,through wall
fume,smoke
swimwear (male),male swimwear
xil,jairou
yarrow (pokemon),milo (pokemon)
square-enix,square enix
nagai (jorgemendozaart),nagainosfw
gouache (medium),gouache (artwork)
raindrops,water drop
streetfighter,street fighter
magic circles,magic circle
nekousapurin,ramen noodles
genshin,genshin impact
platina (pokemon),dawn (pok・・ｽｩmon)
face-to-face,face to face
table tennis racket,table tennis paddle
video tape,video cassette
yams,sweet potato
extra heads,multi head
sexual euphemism,euphemism
azumanga,azumanga daioh
askray,bosshi
watermelons,watermelon
mamane (pokemon),trial captain sophocles
gladio (pokemon),gladion (pok・・ｽｩmon)
sensei,teacher
empty,prazite
naked randoseru,randoseru
jeanne d'arc (fate) (all),jeanne d'arc (fate)
antiheld,tabletorgy
pokemon rby,pokemon rgby
maruchi,circle
boys only,male focus
recharging,charging
terras,terra
mister donut,misterdonut
pec fuck,pecjob
yellow pantyhose,yellow legwear
healing good precure,healin' good precure
relila,lyre
harbin,harvin
futa with female,intersex/female
running briefs,buruma
changing clothes,changing clothing
horror (expression),horrified
nitocris (fate/grand order),nitocris (fate)
ukrainian,ukrainian text
crest (digimon),digimon crest
march,marching
mvc,marvel vs. capcom
covered erection,erection under clothing
medarots,medabots
yellow one-piece swimsuit,yellow swimwear
azema (azima kazira),feathers
lifebar,health bar
lastlong,uchida shuusann
hiyashinssu,hyacinthia
lightning bolts,lightning bolt
handdrawn,traditional media (artwork)
lexus,lexas (ludexus)
head in breasts,head between breasts
pool ball,billiard ball
sakura blossoms,cherry blossom
wadingpool,kiddie pool
katee,kaitty
an sin,peachan
digital media player,portable music player
traditional japanese clothes,japanese clothing
shotgun shells,shotgun shell
holo,jolo
breastless bra,cupless bra
purple pantyhose,purple legwear
sunny side up egg,fried egg
rubbish bag,trash bag
5boy,male
mina cream,minacream
collapsing,collapse
painting frame,picture frame
girls love,female/female
natane (pokemon),gardenia (pokemon)
tahra,tara
lukas klaudat,blanclauz
studded dildo,spiked dildo
restaint,chisara
father christmas,santa claus
kakeru (pokemon),chase (pok・・ｽｩmon)
redbaron,red baron
tsukii,tidalwave
breasts out of clothes,exposed breasts
gin2,keeshee
spike,spikes
electric piano,piano
black thighhighs,black legwear
highschool dxd,high school dxd
tolkemada,mizuryu kei
holding bat (baseball),holding baseball bat
origa discordia,olga discordia
sakurano,sakura
scapular,shoulder blades
nelliel,nelliel tu odelschwanck
watermelon splitting game,suikawari
ach,ouch
1990s (style),1990s
less,meno
ege (597100016),evolution
necktie between pecs,necktie between breasts
koukaku kidoutai stand alone complex,ghost in the shell
caves,cave
mizugi,swimwear
cap backwards,backwards hat
sideboobs,side boob
tsukiiro,tidalwave
iron symbol,male symbol
half life 2,half-life 2
wong ying chee,sapphire1010
outside of border,outside border
sakuhiko,sakura
makaiko,heigani
no source,source request
angeldust,angel dust
christmas gift,christmas present
scar on stomach,stomach scar
football (american),american football
polygon,3d (artwork)
jammers,jammer
a will,thewill
person carrying,carrying person
viewed from below,low-angle view
futaba,futaba channel
shonen-ai,male/male
twin bun,double bun
t-back,thong
bans,harami
purple yukata,purple kimono
stuffed giraffe,plushie
missiles,missile
dragon pilot: hisone and masotan,hisone to masotan
tsukiumi,tidalwave
heels dangling,shoe dangle
testicle piercing,scrotum piercing
my life with monstergirl,monster musume
hands to face,hands on own face
asobi ni ikuyo,cat planet cuties
chelsea smile,glasgow smile
guys only,male focus
nack star,devilukez
unnamed girl (pokemon swsh),lass (pokemon)
extended pinky,pinky out
phatsmash,phat smash
may,megi
lemur ears,lemur
nuts (hardware),nut (hardware)
yae (genshin impact),yae miko
symbolic,symbolism
ripped sweater,torn sweater
sakuro,sakura
top less,topless
eye of wdjat,eye of horus
please don't bully me,ijiranaide nagatoro-san
acoustic piano,piano
frilled bikini bottom,frilly bikini
homura (xenoblade 2),pyra (xenoblade)
atea,tea
breast cover,covering breasts
princess resurrection,kaibutsu oujo
mature,mature female
spread bar,spreader bar
ffxii,final fantasy xii
red earth (game),red earth
gabriel reyes,reaper (overwatch)
dodome (sharon),dodome-iro mayonnaise
semen in anus,cum in ass
keqing,keqing (genshin impact)
jagi,jaggi
tartan skirt,plaid skirt
type moon,type-moon
holding sakazuki,holding cup
hand in shirt,hand under shirt
code geass hangyaku no lelouch r2,code geass
bloody breasts,blood on breasts
hyuse,fuse
lagann,raghan
failure,fail
sketchpad,sketchbook
hairbells,hair bell
hetaria,axis powers hetalia
brown blazer,brown jacket
holding bikini,holding swimwear
dune (movie),dune (series)
whipmarks,whip mark
weddingdress,wedding dress
furry,drawfurry
partly translated,partially translated
drrr,durarara!!
heremia,heresy
herb,herbs
lucy heartphilia,lucy heartfilia
lin-lin,ling-ling
gray thighhighs,grey legwear
orange thighhighs,orange legwear
sword on back,weapon on back
nemo (pokemon),nemona (pokemon)
side glance,looking sideways
s-a-murai,samurai
green earrings,ear ring
jewel pet tinkle,jewelpet
ying yang,yin yang
leg raise,raised leg
chinchira,chinchilla
manga meat,meat on bone
dark stalkers,vampire (game)
reisen (touhou bougetsushou),reisen udongein inaba
copyright abbreviation,copyright name
pyjama,pajamas
mei-ling zhou,mei (overwatch)
wolf and spice,spice and wolf
platina berlitz,dawn (pok・・ｽｩmon)
flowerpot,flower pot
daria leonova,kittew
maybe,moogle
waist chain,belly chain
street fighter zero ii,street fighter
hair strand,hair strands
frilled underwear,frilly underwear
skirtlift,skirt lift
brown pubic hair,brown pubes
scott w pilgrim,scott pilgrim
all-seeing eye,eye of providence
absent,annmaren
ripped legwear,torn legwear
ultramarines,ultra marine
punch to face,face punch
u rei 3,melon
kurowa,croix
chocolate hair,brown hair
mint,minze
uhhgaoh,uhoh
windmills,windmill
spiked shoulders,shoulder spikes
usagikoya,rabbit
yukimenoko,froslass
holding naginata,holding polearm
firemans carry,fireman's carry
drawfriend,drawfag
bat (baseball),baseball bat
shinku,sink
kaguya luna (character),moon studios
akaisu,akasch
hana song,d.va (overwatch)
sabaton,sabatons
self-portrait,self portrait
zebra crossing,crosswalk
shikinami asuka langley,asuka langley soryu
torii (gate),torii
ping-pong paddle,table tennis paddle
japanese umbrella,oil-paper umbrella
beet (pokemon),bede (pok・・ｽｩmon)
catears,cat humanoid
sitar,sitarra
flying petals,falling petals
grab,grabbing
thighhgihs,thigh highs
hairlocs,dreadlocks
yuu-gi-ou,yu-gi-oh!
brook,brook (one piece)
remil,remyl
slice of pizza,pizza slice
brigitte lindholm,brigitte (overwatch)
needles,hook
tdi vector,kriss vector
shopkeeper,merchant
doublepenetration,double penetration
cubes,cube
head-to-head,heads together
ricky ka pang,greenteaneko
suneate,suntan
kyrie,kylie
stuffed pig,stuffing
brown leggings,brown legwear
wario ware,warioware
chun li,chun-li
cum on pantyhose,cum on clothing
xenoblade x,xenoblade chronicles x
mitsurugi reiji,miles edgeworth
gray pantyhose,grey legwear
conifer,haloren
stuffed fish,plushie
poketch,pockets
black blouse,black shirt
cucumbers,cucumber
lisa (doa),lisa hamilton
whi-two (pokemon),rosa (pok・・ｽｩmon)
dustbin,trash can
tan,suntan
okuu,utsuho reiuji
cotton bud,cotton swab
animal collar,collar
digimon adventure tri.,digimon
luli,luri
puffing cheek,puffed cheeks
ffiii,final fantasy iii
off shoulders,off shoulder
rain drops,water drop
to love ru,to love-ru
annie hastur,annie (lol)
blindfold down,blindfold
steel ball,wrecking ball
tsukineko,tidalwave
reinhardt wilhelm,reinhardt (overwatch)
headbump,head bump
power pole,utility pole
hoshi no kirby,kirby (series)
elizabeth bathory (fate) (all),elizabeth b・・ｽ｡thory (fate)
thing (athing),mizumizuni
gins,zin
sorrysap,rimentus
klang,krang
xenoblade 1,xenoblade chronicles 1
puppet string,puppet strings
re leaf,leaf
semen on hair,cum in hair
erhu,elfein
tooo,rin tyan
precum trail,precum string
clash,collision
cat's tongue,pussy tongue
blue pantyhose,blue legwear
shaded eyes,shaded face
grimmjow jaggerjack,grimmjow jaegerjaquez
comforter,solaceopossum
dolljoints,doll joints
tuque,beanie
manual piano,piano
semen on ass,cum on butt
cheek press,rubbing cheek
doom,doom (series)
eyes out of frame,head out of frame
nudtawut thongmai,neoartcore
linked piercings,linked piercing
reith,reese
sing,singing
nankong,yabby
eggbeater,whisk
precious stones,gem
rockets,rocket
aoi tsunami,blvefo9
ash (pokemon),ash ketchum
sakurasaka,sakura
bort,boat
drawstrings,drawstring
hestia (dungeon),hestia (danmachi)
kyonshii,jiangshi
animal feet,animal legs
furious,ragey
twin buns,double bun
trap,girly
hazard suit,hazmat suit
pikumin,pikmin
land battleship,teren
cunilingus,cunnilingus
extra wings,multi wing
old television,crt
toss,tossing
push down,pushing down
bulls,cattle
supercar,sports car
front tie top,front-tie top
semen on body,cum on body
kote,coat
bloody arm,blood on arm
4boy,male
turrets,turret
thighhighs only,thigh highs
shijima (pokemon),chuck (pokemon)
crotch veil,pelvic curtain
biohazard 5,resident evil
rekka,recca
holding remote,holding remote control
bible black only,bible black
x (pokemon),calem (pok・・ｽｩmon)
pointing sword,sword
energon,energy
pupps,chyo
psycho-pass,psycho pass
fist shaking,fists clenched
three-wheeler,tricycle
ff15,final fantasy xv
the hammer,hammer
shining,the shining
shining hearts,glistening heart
fullmoon,full moon
ookami (game),・・病mi
fur-lined jacket,fur-trimmed jacket
semi-rimless glasses,semi-rimless eyewear
libus,rivas
lancer (lostbelt),caenis (fate)
akihara nakuru,naika
hetalia axis powers,axis powers hetalia
hair tussle,ruffling hair
wing helmet,winged helmet
peeking,piilsud
nanaya makoto,makoto nanaya
pasutel,pastel
brown blouse,brown shirt
poju,po-ju
squishy (pokemon),zygarde core
underwear aside (male),underwear aside
ruit,roots
toon (style),toony
cuff link,cuff links
green thighhighs,green legwear
pillow hat,mob cap
hand licking,hand lick
hajin,hajinn
ls-lrtha,frfr
puroburebu-dan,tabletorgy
penis touching,penises touching
kylin,giraffid
shimoyakedou,ouma tokiichi
orange,orange (fruit)
nyarth,meowth
.hack//legend of the twilight bracelet,.hack
traces,traga
octopus girl,scylla
leg slit,side slit
denpa,lightning bolt
little penis,small penis
white glove,white gloves
eleka,lyn
hachishaku-sama,hasshaku-sama
shavedice,shaved ice
banister,railing
fish cake,kamaboko
mihoyo technology (shanghai) co. ltd.,mihoyo
akane (pokemon),whitney (pokemon)
bitgag,bit gag
fenrir (tokyo houkago summoners),fenrir (housamo)
blackhair,black hair
underbreast,under boob
zekamashi,shimakaze (kancolle)
kon!,k-on!
ashley (wario ware),ashley (warioware)
wo bushi zelang,463 jun
red bowtie,red neckwear
kuroinyan,croiyan
the kite,thekite
the bible,bible
kalian,karian
kiririn,giraffid
searchlights,searchlight
sam samsung,samsung sam
mamepato,pidove
kuchinashi (pokemon),island kahuna nanu
corn syrup,madkaiser
sakumichi,sakura
love r,leafeon
flare pants,bellbottoms
go-kart,kart
cartoon,toony
october,orctober
cherim,cherrim
binary,ebiinari
the hammer (pixiv30862105),hammer
fat thighs,thick thighs
fake whiskers,fake beard
torisu,tris
mucha style,art nouveau
same-hada,simul
colored skin,colored flesh
making-of,unfinished
large shoes,big shoes
uruseiyatsura,urusei yatsura
red-eyes b. dragon,red-eyes black dragon
casey shield,gloria (pok・・ｽｩmon)
male protagonist (pokemon legends: arceus),rei (pokemon)
hihidaruma,darmanitan
zettai ryouki,absolute territory
cool box,cooler
coat on shoulders,jacket on shoulders
anime flux,animeflux
censor steam,steam censorship
pinkhair,pink hair
barbecue (activity),grilling
pokemon red and green,pokemon rgby
ranset,backpack
watercolor (medium),watercolor (artwork)
nunchuks,nunchaku
gits:sac,ghost in the shell
hiyappu,panpour
48design,glush
kokorin,cocoline
leopardprint,leopard print
sapphire birch,may (pok・・ｽｩmon)
hair tube,hair tubes
anonimasu,annonymouse
i"s,estix
tie pin,tie clip
nishiki (fire emblem if),kaden (fire emblem)
swimsuit thief,swimwear theft
kemoribon,kemoribbon
diamond wa kudakenai,jojo's bizarre adventure
cryturtle,crybleat
shocked eyes,wide eyed
ass-up head-down,ass up
harem clothes,harem outfit
kasasasagi,kawasaki
pov eye contact,looking at viewer
fire weapon,flaming weapon
rohgun,loganhen
breast feed,breastfeeding
kokusei (genshin impact),keqing (genshin impact)
shanghai (city),shanghailion
m-rs,bgn
venus sign,female symbol
galoshes,rubber boots
takeuchi ryousuke,ryusuke
naked thighhighs,thigh highs
warin,wine
ragnarokonline,ragnarok online
inuzumi,bird
lafiel,raphiel
touko (pokemon),hilda (pok・・ｽｩmon)
flame-tipped tail,flaming tail
ass freckles,freckles on butt
gustaf,gustav
semen in uterus,cum inside
magic tongue,disembodied tongue
dakimakura (medium),dakimakura design
animals,kinyama
porky minch,pokey minch
aogiri (pokemon),archie (pok・・ｽｩmon)
patissier,pastrydog
finger to lips,finger to mouth
hashi,bridge
initiald,initial d
suspender,suspenders
monochome,monochrome
kenshirou,kenshiro
hedge (plant),hedge
detached hair,hair strands
shell casing,shell casings
pig snout,pig nose
illuminati symbol,eye of providence
jewelpet tinkle,jewelpet
final fantasy versus xiii,final fantasy xv
tailbells,tail bell
clit leash,clitoris leash
suya2mori2,imaani
benjomochi,heigani
roadsign,road sign
meranie,melany
gold bullion,gold bar
covered erect nipples,covered nipples
girl in a box,in box
2radpersec,safurantora
lennah,lena
kyuubey,kyubey
sleeping hat,nightcap
tenshi,angel
autofacial,cum on own face
tarot cards,tarot
squinted eyes,squint
side-by-side,side by side
sex invitation,presenting
dears,maam
why (artist),tarakanovich
the path,path
theend,hatiimiga
moexcloud,cloudxmoe
apocalyptic,apocalypse
biker suit,bicycle
pick-axe,pickaxe
gucchi,gucci
partial translation,partially translated
arin,allin
idol master,idolmaster
girl in a bottle,in bottle
dildo machine,fucking machine
clacker,crackers
kagamine ren,kagamine len
male sign,male symbol
silence gesture,shush
sdvx,sound voltex
koyuiko,brooks
dress jacket,suit jacket
ships,ship
tiea,teer
neckbell,neck bell
dahlia,daria
gray kneehighs,grey legwear
press-ups,pushpup
narinn,narynn
coat over shoulders,jacket on shoulders
boa,feather boa
dwarfs,dwarf
light brown eyes,brown eyes
suyobara,suyohara
.hack//dusk,.hack
ivo naldo,bayeuxman
paleskin,pale skin
pokemon rg,pokemon rgby
senran kagura (series),senran kagura
pyra (xenoblade chronicles 2),pyra (xenoblade)
final fantasy pose,other side
polymelia,multi arm
lee (pixiv16488),lee (colt)
cramp,twitching
onepunch man,one-punch man
sucy manbabalan,sucy manbavaran
collar up,popped collar
ayumi (pokemon),elaine (pok・・ｽｩmon)
yoppy,yopy
ricardo landell,cyberunique
crystal (pokemon),kris (pokemon)
suke,sukemyon
fabulous,marei
paper windmill,pinwheel
korinna (pokemon),korrina (pokemon)
ice-cream cones,ice cream cone
stuffed tiger,plushie
cure yell,yelling
shinrabansho,shinrabanshou
afuro,afro
harbour,harbor
sd3,trials of mana
foot sniff,foot sniffing
hidden mouth,covered mouth
plaid blouse,plaid shirt
eye of wadjet,eye of horus
wet blouse,wet shirt
outstretched hands,outstretched hand
groin kick,crotch kick
wetclothes,wet clothing
pantygag,panty gag
black flame,black fire
fft,final fantasy tactics
hikomaro610,wisespeak
gnu/linux,linux
cum on armpits,cum on body
drag,dragging
sleeves rolled,rolled up sleeves
hole,buchi
tailbell,tail bell
tsurupeta,flat chested
rezi,cash register
kaki (pokemon),trial captain kiawe
fila,phyra
aurora,aurora borealis
multicolored eyelashes,colored eyelashes
mako rutledge,roadhog (overwatch)
gijinka,personification
fraud,scam
school hall,hallway
street fighter iii: 2nd impact,street fighter
harapan,belly punching
leg outstretched,outstretched leg
kohatsuka,hut
pilotka,garrison cap
moebell0,moebell
yumenikki,yume nikki
ripped leotard,torn leotard
raybar,raver
scar on chest,chest scar
omelet,omelette
lack-two (pokemon),nate (pok・・ｽｩmon)
thought balloon,thought bubble
para-sol,parasol
mugcup,kruze
jerky,jolty
ice-creams,ice cream
testicle sucking,ball suck
white pantyhose,white legwear
bussyutaso,syntia
bel (pokemon),bianca (pok・・ｽｩmon)
bishi,male
de-aging,age regression
rice cooker,forneus
honeypot,honey pot
tanukimimi,raccoon ears
pajamas party,sleepover
m107,barrett m82
ichihisa,strawberry
confetti popper,party popper
leaning in,leaning
shimama,blitzle
icecreams,ice cream
shishi (321 0819),shishi juuroku
ace of diamond,ace of diamonds
side tail,side ponytail
electric cable,cable
ne-on,neon
knights templar,templar
adjusting sunglasses,adjusting eyewear
lightning ahoge,lightning
armsleeves,detached sleeves
amanojaku,amano jack
vergil,vergil (devil may cry)
mouthbleed,blood from mouth
kite (anime),kite
naked shrug,shrug (clothing)
heart cleavage cutout,cleavage cutout
viewed from side,from side
covering one eye,one eye obstructed
music sheets,sheet music
sorrowny,grief
breast strap,breast implants
teddybear,teddy bear
koruni (pokemon),korrina (pokemon)
arm bracelets,armlet
yen symbol,yen sign
street fighter iv (series),street fighter
arutera,altera
seppuku,disembowelment
school uniforms,school uniform
tigerprint,tiger print
drenched panties,wet panties
dejaguar,jellcaps
nuts (food),nut (fruit)
rubbish bags,trash bag
wide-leg pants,bellbottoms
azumanga daiou,azumanga daioh
mp4,animated
demon slayer (series),kimetsu no yaiba
wall slam,kabedon
ikei,pond
wringing clothes,putting on clothes
solar panel,solar panels
jupiter sign,jupiter symbol
head,boshi
pylon (traffic),traffic cone
cockroaches,cockroach
hat backwards,backwards hat
short-hair,short hair
nurse office,infurmary
melt (vocaloid),melting
zest,sevk
rebaa,reva
studbelt,studded belt
sakutaishi,cerezo
nude thighhighs,thigh highs
earmuff,earmuffs
psyren,siren
bishounens,male
muskmelon,cantaloupe
shinshia,syntia
green bandana,green bandanna
fatherly,father
thumbsucking,thumb suck
naik,naika
playboy bunny leotard,playboy bunny
boy in a box,in box
holding clothes,holding clothing
sakurapochi,sakura
ecchi pantsu,unfairr
tsukimaru,tidalwave
pot (cooking),cooking pot
furi kuri,fooly cooly
tsunogiri,tidalwave
mary (pokemon),marnie (pok・・ｽｩmon)
ryosuketarou,ryusuke
black vs white,black and white
meer (monster musume),miia (monster musume)
ffi,final fantasy i
bitemark,bite mark
inflatable pool,kiddie pool
black eye,bruised eye
cilica,silicas
soul flame,hitodama
sai koro,dice
lineage,linhagen
sohryu asuka langley,asuka langley soryu
shiomachi,bible
sakura hime,cerezo
mars sign,male symbol
licking shoulder,shoulder lick
pointless censorship,ineffective censorship
toriko (copyright),toriko (series)
pantypull,panty pull
aru tarou,tabhead
noodle,noodles
lillies,lily (flower)
evil,ubaya
extra arms,multi arm
ranma1/2,ranma 1/2
waste bags,trash bag
kisugae,chrislhi
norun,norna
y na gaabena,serena (pok・・ｽｩmon)
azema,feathers
going on date,dating
pillowhat,mob cap
sleepwalking,sleep walking
ruy,louiz
ohanami,kanji
maruboku,circle
marinette cheng,marinette dupain-cheng
hachishakusama,hasshaku-sama
astolfo,rider of black
egg vibrators,egg vibrator
melon bread,mellonbun
bbq (activity),grilling
stairwell,stairs
caustic crayon,causticcrayon
hebrew,hebrew text
landfill,junkyard
time stamp,timestamp
bumblebee,bumblebee (transformers)
street fighter alpha 3,street fighter
clala,kra-ra
holding banknote,holding money
bbq (object),grill
clothing pin,clothes pin
thumbtacks,thumb tack
space marines,adeptus astartes
sewer grate,sewer
studded penis,spiked penis
police-woman,policewoman
super street fighter ii: the new challengers,street fighter
beatles,the beatles
bunnygirl,playboy bunny
kanzaki sumire,kanji
uma musume,equine humanoid
deep wound,wounded
inkuusan,inkerton-kun
dugong,manatee
punch to stomach,belly punching
baby bird,chick
trembling penis,throbbing penis
hinatsu (pokemon),arezu (pokemon)
pokemon yellow,pokemon rgby
aerie (bravely default),airy (bravely default)
urin,urine
adapted outfit,adapted costume
raind,niuxii
multicolored thighhighs,multicolored legwear
stank,puncture wound
male paizuri,pecjob
amulet1998,mechari
cum in armpit,cum on body
shouto (boku no hero academia),todoroki shouto
vampire saviour,vampire (game)
roman numbers,roman numeral
japanese armour,japanese armor
signum,sinatzeek
face on floor,on front
yinyu (nico),enico
moulting,shedding
cross-shaped pupils,cross pupils
getsuyou bi,takatsuki nato
coloured eyelashes,colored eyelashes
february,feb
white bikini bottom,white bikini
brown bandana,brown bandanna
shadow over eyes,shaded face
nauz4224,rozalin
chankodining waka,yoshida hideyuki
jewel case,cd case
cringe,wince
pov feet,foot focus
saru,macaque
virtu.al,virtual
sakizou,sakura
backbeard,betrayal
dowsing rods,dowsing rod
tinkerbell (disney),tinker bell (disney)
mizuki (pokemon),selene (pok・・ｽｩmon)
multicolored fingernails,multicolored nails
se.a,sea
yogurt (yott parfait),yacht
a kite,kite
usagimiko,rabbit
when the cicadas cry,higurashi no naku koro ni
the boss,boss
priconne,princess connect!
toad,toad (mario)
sitting on tree,sitting in tree
calliope mori,mori calliope
bent-over,bent over
weapongirl,mecha musume
run away,fleeing
leg,feet
in profile,profile
mingri fangzhou,arknights
boy's love,male/male
bon,bong
andrian gilang,alchemy
rods,rod
ripped skirt,torn skirt
yuugioh,yu-gi-oh!
nakedapron,apron only
mirrors,mirror
cutman,cut man
potato chip,potato chips
fingering asshole,anal fingering
copics,marker (artwork)
greeneyes,green eyes
xbost,tail box
pile of books,book stack
aori (splatoon),callie (splatoon)
lhm,pokemon
tic tac toe,tic-tac-toe
videotape,video cassette
titty buds,flat chested
shouri (genshin impact),zhongli (genshin impact)
shiny,sheen
dent (pokemon),cilan (pokemon)
showerz,shower
cheered,cheering
rain drop,water drop
yui0618,yui.h
zoomlayer,zoom layer
polar opposites,nyume
fiolina germi,fio germi
fairy floss,cotton candy
keibleh,keebles
trunks (dragonball),trunks (dragon ball)
ukiyo e,ukiyo-e
samus,samus aran
thumbtack,thumb tack
jokebag,jock
crimecrime,crime
skirtless,pantsless
tysontanx,tysontan
monster princess,kaibutsu oujo
goggles on helmet,goggles on headwear
everybody,absolutely everyone
tinkerbell,tinker bell (disney)
molting,shedding
top-down-bottom-up,ass up
ff3,final fantasy iii
gouki,akuma (street fighter)
tomatoes,tomato
shiisaa,sh・・ｽｫs・・・
keion!,k-on!
queen of hearts,queen of hearts (alice in wonderland)
leilei,hsien-ko (darkstalkers)
analog piano,piano
palette (guide),color swatch
yude,yupa
frogs,frog
slice of pie,pie slice
bat girl,batgirl
asuna (pokemon),flannery (pokemon)
canno,kano
browneyes,brown eyes
cropped head,head out of frame
anemone (animal),sea anemone
purple earrings,ear ring
old woman,velhara
diva (overwatch),d.va (overwatch)
stuffed bird,plushie
no sign,no symbol
key stone (pokemon),mega stone
hair blowing,floating hair
otoko no ko,girly
scissorhold,headscissor
invisicock,invisible penis
multicolored kneehighs,multicolored legwear
shibamoto thores,trembling
mechamusume,mecha musume
waste bag,trash bag
fat folds,fat rolls
lovecraft,cthulhu mythos
african wild dog tail,dog tail
green pepper,bell pepper
bamboo sword,shinai
peeing panties,wetting
pokemons,pokemon
hand pov,pov hands
capstar,brekkist
seasons,season
muhamaru yuni,yuni
step-siblings,stepsiblings
reflet (fire emblem),robin (fire emblem)
loli in a bag,in bag
kaban,kaban-chan
suzuneko,akamaru
push-ups,pushpup
senhime,raaggu
one shoe,single shoe
shrunk eyes,constricted pupils
dealesis,deal
clothed male naked male,clothed male nude male
heart earring,heart earrings
tissue wads,used tissue
boxcutter,box cutter
minis,mini
fishbones,fishbone
waterstaring,air force
flame tipped tail,flaming tail
untouched ejaculation,hands-free
tsukimi,tidalwave
oshiri,butt
bangs between eyes,hair between eyes
soriz,sollyz
ecchi-star,studio cutepet
speckticuls,spots
grocery cart,shopping cart
bullhorn,megaphone
on railing,railing
grey eyelashes,colored eyelashes
railroad tracks,railway
solace,sollace
ookido shigeru,gary oak
light purple eyes,purple eyes
coyotegti,blaccura
caffein,caffeine
grasshoppers,grasshopper
genjung,genus
red jabot,red ascot
furball,furrball
maduin,madkaiser
graphic shirt,print shirt
pink blouse,pink shirt
batwing,bat wings
pigeoncrow,nyong nyong
triple persona,multiple persona
roman imperial,roman empire
selcky,selkie
grubs,larva
seihou tenshi angel links,angel links
knees together feet together,legs together
hair tousle,ruffling hair
sumomo (pokemon),maylene (pokemon)
eyes in shadow,shadowed eyes
pulling another's hair,pulling hair
hijiwryyyyy,mo ne
ganyu,ganyu (genshin impact)
akai kitsune,foxy harris
binky,pacifier
pin,pins
copper sign,female symbol
tel,phone
straddle penis,thigh sex
orange blouse,orange shirt
aerial battle,dogfight
crosshairs,crosshair
kanikamaboko,sunspotfish
sasaki masakatsu,sasaki
petboy,petplay
circles,circle
pointing skyward,pointing up
grabbing another's hair,pulling hair
ichitaro,strawberry
ralf,laruh
nightmare before christmas,the nightmare before christmas
kokoyashi,kawasaki
bulleta,bullet casing
folded sleeves,rolled up sleeves
ff11,final fantasy xi
skating rink,ice rink
burning weapon,flaming weapon
huziwara no mokou,fujiwara no mokou
zorim,zorym
dread,scared
rush (rockman),rush (mega man)
undersized clothes,undersized clothing
6girl,female
silverlight,sylverlight
ffu,final fantasy unlimited
quadruple persona,multiple persona
skying,skia
street fighter zero iii,street fighter
o ring top,o-ring top
stitched,stiches
gar,manly
tummy grab,belly grab
macaron,macaronneko
night clothes,pajamas
cum on thighhighs,cum on clothing
thighthick,thick thighs
yue chi,jidane
iida (splatoon),marina (splatoon)
butterflyfish,butterfly
akakitsu,foxy harris
stuffed owl,plushie
tank top lift,shirt lift
grave stone,tombstone
aleksandra zaryanova,zarya (overwatch)
hapu'u (pokemon),island kahuna hapu
stepping on person,stepped on
overboob,cleavage
pink one-piece swimsuit,pink swimwear
:b,tongue out
torn armor,broken armor
lunar,moon
back-to-back,back to back
multiple rings,ring
kan'u (genshin impact),ganyu (genshin impact)
pixel censor,mosaic censorship
ukelele,ukulele
shippitsu,socks
hashiro,bridge
ass fangs,butt from the front
pov leash,leashing pov
mogupon,mogpon
million live,idolmaster million live!
raamen,ramen noodles
blackheart,black heart
blue yukata,blue kimono
limble,handpaw
toothache,zuboboz
trenches,trench
jimmy mcgill,saul goodman
hatband,hat ribbon
tsunoko,tidalwave
broken chains,broken chain
tsunako,tidalwave
ffta2,final fantasy tactics advance 2
girl love,female/female
runasion,rivas
meiko,meiko (vocaloid)
lyrinne,lyrin
zel kinne,zelc-face
makai senki disgaea 3,disgaea
mianyun yi li,fairy tales
nero claudius (fate) (all),nero claudius (fate)
you'a,urw
pokemon green,pokemon rgby
finger inside mouth,finger in mouth
nosedrip,runny nose
grey pantyhose,grey legwear
igni tion,ignigeno
zelda no densetsu,the legend of zelda
healther,kianamai
baby steps,babysteps
crease,folds
female protagonist (pokemon xy),serena (pok・・ｽｩmon)
oshikko,peeing
hime (splatoon),pearl (splatoon)
lawrence craft,kraft lawrence
tip-toe,tiptoes
airplanes,airplane
ponpon,pom poms
office man,salarian
lift skirt,skirt lift
dolphins,delphinoid
k-on!!,k-on!
coco's,coco
beru,bell
tiegrab,necktie grab
g138,greenmarine
meganeko,glasses
katarina (league of legends),katarina du couteau (lol)
dreamcast,sega dreamcast
orange one-piece swimsuit,orange swimwear
tokyo houkago summoners,tokyo afterschool summoners
hanenashi,kanji
grand theft auto online,grand theft auto v
demashita powerpuff girls z,powerpuff girls z
kfc (company),kfc
hawawaninus,fuf
cattleya (pokemon),caitlin (pokemon)
zhou mei-ling,mei (overwatch)
clutching chest,breast grab
figure skating,figure skates
garnet (ff9),garnet til alexandros xvii
rose,rose (flower)
flannery,flannery (pokemon)
purple blouse,purple shirt
corkboard,bulletin board
krirk,creek
sucking testicles,ball suck
pix,pix (lol)
juicebox,juice box
pervert,kinkymation
aburage,aburaage
under rim glasses,under-rim eyewear
rope sash,rope belt
opposing sides,other side
outfit switch,clothing swap
koaki,brooks
bloody wall,blood on wall
jinglebell,jingle bell
translation requested,translation request
toph,toph beifong
monitor light,screen light
fireman carry,fireman's carry
glutton,gluttonace
naruto (food),narutomaki
don't toy with me miss nagatoro,ijiranaide nagatoro-san
nailbat,nailed bat
material-s,matemi
frilled socks,frilly legwear
navigator,mordwyl
sheik,sheyk
ultra street fighter iv,street fighter
sakamuke,sakura
toris,tris
chest pocket,breast pockets
coria,koriah
ffvii,final fantasy vii
anti material rifle,anti-materiel rifle
stiel,steele
tail bells,tail bell
rage of the dragons,dragonwrath
platinum (pokemon),dawn (pok・・ｽｩmon)
watering pot,watering can
fingering ass,anal fingering
two-handed,zweihander
game,flash game
anal nakadashi,cum in ass
himopan,side-tie panties
fftactics,final fantasy tactics
pokemon r&b,pokemon rgby
dna strand,dna
misty,misty (pokemon)
byleth,byleth (fire emblem)
clere,claire
steamed egg,steamedeggz
himecut,hime cut
bristle,hairs
uricotake,urethra
mythra (xenoblade chronicles 2),mythra (xenoblade)
loen-lapae,loen
camellia,kamilia
pinky pop hepburn official,moon studios
shiba (pokemon),bruno (pokemon)
spacecraft interior,spaceship interior
lucio correia dos santos,lucio (overwatch)
t-shirt dress,long shirt
camouflage print,camo
pokemon rb,pokemon rgby
o x,cattle
shokorate,trembling
xxx (xs000912),doesnotexist
half rim glasses,semi-rimless eyewear
matsuno karamatsu,karamatsu matsuno
no blouse,no shirt
argon,arkgon
slice of cake,cake slice
salary man,salarian
space hair,floating hair
burakku-ra,blaccura
samuraispirits,samurai spirits
faux wings,fake wings
heart of smoke,smoke heart
cuff-link,cuff links
kriss super v,kriss vector
pole axe,halberd
necoarc,neco-arc
restaurant booth,booth seating
jhin,zin
frilled blouse,frilly shirt
mani,usashiro mani
urushi,ursid
matsuno todomatsu,todomatsu matsuno
nakadashi,cum in pussy
self shot,selfie
flow ech,clarevoir
unexpressive,expressionless
pet cone,ruff (clothing)
disappear,evange
condom application,putting on condom
imminent paizuri,imminent titfuck
shingetsutan tsukihime,tsukihime
eye of wedjat,eye of horus
creampie eating,felching
ao no roku-gou,blue submarine no. 6
crossection,cross section
hizamakura,lap pillow
wenqing yan,yuumei
walkie-talkie,walkies
nds,nintendo ds
object manipulation,telekinesis
gpu,graphics card
partially monochrome,partially colored
shirt cut (meme),shirt cut meme
lavender lipstick,purple lips
busstop,bus stop
the grudge,rancor
photograph (object),photo
jehuty,efty
yellow earrings,ear ring
pointy-ears,humanoid pointy ears
rough,sketch
center opening,cleavage
hair past waist,long hair
megaman (character),mega man (character)
ass cutout,butt cutout
store room,storage room
aayh,arh
blue apple,blueapple
bsod,blue screen of death
digimon adventures 02,digimon adventure 02
black glove,black gloves
flats dangling,shoe dangle
frag,flag
cartoonized,comic
moe233,jidane
bof,breath of fire
glock 18c,glock
georgy stacker,themaestronoob
anemo (splatoon),annie (splatoon)
anchira (granblue fantasy),andira (granblue fantasy)
garou densetsu,fatal fury
mini dress,short dress
calme (pokemon),calem (pok・・ｽｩmon)
plushmallow,plushie
making of,unfinished
shigeru (pokemon),gary oak
mao (pokemon),trial captain mallow
band aids,band-aid
kakigori,shaved ice
transparent png,transparent background
sidecut,side cut
caramell0501,kaorh
kabocha head,pumpkin head
byefrog,goodbye
tsukimichi,tidalwave
icecream cones,ice cream cone
military insignia,insignia
pictures,photo
kaiman,caiman
happiness!,happy
medkit,first aid kit
trash bags,trash bag
light blue lipstick,blue lips
ffta,final fantasy tactics
pokemon red,pokemon rgby
translate request,translation request
profnote,homage
mitsuru (pokemon),wally (pok・・ｽｩmon)
higurashi,higurashi no naku koro ni
avatar (fire emblem: kakusei),robin (fire emblem)
minosu,minos
mustached girl,fake mustache
playback,rebirth
natsume's book of friends,natsume yuujinchou
reach,reaching
pretzel,perec
choking another,strangling
astronaut helmet,space helmet
dou-t,doppel
zoo,zooshi
beretta 92fs,beretta 92
a flow,fluxom
glyph,glyphs
keion,k-on!
flame weapon,flaming weapon
amano-g,voodoothur
dawn,chaba
zippers,zipper
shiny shinx,shiratsuki shiori
nicchi,nika
two handed,zweihander
lychee (pokemon),island kahuna olivia
hair vents,hair intakes
girl in food,in food
sniper scope,scope
riz,rhizu
hyacinth,hyacinthia
censor heart,<3 censor
flashing lights,epilepsy warning
musical sheet,sheet music
felice,felis
sabotender,cactuar
digicharat,di gi charat
6girls,female
lena oxton,tracer (overwatch)
user ghwd8447,tidalwave
zafira,zapphira
super deformed,chibi
john ly,sefuart
thighhigh bow,bow legwear
flare,flayre
kouryu densetsu villgust,kouryuu densetsu villgust
clothed female naked female,clothed female nude female
kolin,corin
?!!,?!
redeyes,red eyes
:{,frown
tornclothes,torn clothing
liong,lion
ppgz,powerpuff girls z
3boy,male
pitou (hxh),neferpitou
naokomama,utterangle
bloody ground,blood on ground
wizardry,magic
pansy,panzie
ember,embers
pussy cutout,cat cutout
natsumegu,nushi
love love ball,love ball
railway tracks,railway
tattered flag,torn flag
orange bikini bottom,orange bikini
hazeleyes,yellow eyes
penguins,penguin
konata,konata izumi
noise tanker,noise-tanker
rockman x,mega man x (series)
very perky breasts,pointy breasts
floppy sleeves,baggy clothing
inui takemaru,okayado
official jersey,jersey
broach,brooch
instruments,musical instrument
harpe,harp
kumanomi,clownfish
older on younger,age difference
fall (season),autumn
ass tattoo,butt tattoo
trapdoor,trap door
camellia (flower),kamilia
corrin (fire emblem if),corrin (fire emblem)
fallen a,as109
asphyxia17,asphyxiation
symbol shaped pupils,symbol-shaped pupils
garbage bags,trash bag
videocassette,video cassette
polka-dot panties,polka dot panties
bilan hangxian,azur lane
merry xmas,merry christmas
naked boots,boots
zoo min,zoom in
grimmjow jaegerjaques,grimmjow jaegerjaquez
asobi ni ikuyo!,cat planet cuties
idolm@ster,idolmaster
odamaki sapphire,may (pok・・ｽｩmon)
mannaku,mannack
